tip;accession;sequence_version;organism;type;kingdom;phylum;Class;order;family;genus;species;db_xref;strain;country;lat_lon;host;isolation_source;collection_date;PCR_primers;environmental_sample;note;authors;title;journal;pubmed_id;ref_comment
Articulospora_tetracladia_DSM104345;NA;NA;Articulospora_tetracladia;F;NA;NA;NA;NA;NA;NA;NA;NA;DSM104345;NA;NA;NA;NA;NA;NA;NA;NA;NA;NA;NA;NA;NA
Cadophora_antarctica_CBS143035;MG385664;MG385664.1;Cadophora_antarctica;T;Fungi;Ascomycota;Leotiomycetes;Helotiales incertae sedis;Cadophora;NA;NA;taxon:2052302;FMR16056;NA;NA;NA;NA;NA;NA;FALSE;NA;Rodriguez-Andrade,E.;Direct Submission;Submitted (31-OCT-2017) Basic Medical Sciences -Microbiology Unit, Universitat Rovira i Virgili, Sant Llorenc, Reus 43201, Spain;NA;NA
Cadophora_fastigiata_CBS307.49;MH856538;MH856538.1;Cadophora_fastigiata;T;Fungi;Ascomycota;Leotiomycetes;Helotiales incertae sedis;Cadophora;NA;NA;taxon:91935;CBS_307.49;Sweden;NA;NA;NA;NA;NA;FALSE;CBS sequencing project;Vu,D., Groenewald,M., de Vries,M., Gehrmann,T., Stielow,B., Eberhardt,U., Al-Hatmi,A., Groenewald,J.Z., Cardinali,G., Houbraken,J., Boekhout,T., Crous,P.W., Robert,V. and Verkley,G.J.M.;Large-scale generation and analysis of filamentous fungal DNA barcodes boosts coverage for kingdom fungi and reveals thresholds for fungal species and higher taxon delimitation;Stud. Mycol. 92, 135-154 (2019);29955203;NA
Cadophora_fastigiata_DAOM_225754;JN942894;JN942894.1;Cadophora_fastigiata;F;Fungi;Ascomycota;Leotiomycetes;Helotiales incertae sedis;Cadophora;NA;NA;FBOL:2245', 'taxon:91935;DAOM_225754;NA;NA;NA;NA;NA;NA;FALSE;NA;Seifert,K.;The internal transcribed spacer as a universal DNA barcode marker for Fungi;Unpublished;NA;NA
Cadophora_fastigiata_EB40_1;KF053564;KF053564.1;Cadophora_fastigiata;F;Fungi;Ascomycota;Leotiomycetes;Helotiales incertae sedis;Cadophora;NA;NA;taxon:91935;EB40-1;Antarctica;NA;NA;wood;NA;fwd_name: its1, fwd_seq: tccgtaggtgaacctgcgg, rev_name: its4, rev_seq: tcctccgcttattgatatgc;FALSE;NA;Held,B.W., Blanchette,R.A. and Arenz,B.;Phylogenetic Diversity of Cadophora from Antarctica;Unpublished;NA;NA
Cadophora_gregata_ATCC11073_TYPE;KP126791;KP126791.1;Cadophora_gregata;T;Fungi;Ascomycota;Leotiomycetes;Helotiales incertae sedis;Cadophora;NA;NA;taxon:51156;ATCC_11073;NA;NA;NA;NA;NA;NA;FALSE;NA;Wang,Y., Cheng,Y., Chen,Z., Wang,Y. and Zhang,G.;Isolation and identification of Soybean Brown Stem Rot Pathogen, Cadophora gregata;Unpublished;NA;NA
Cadophora_gregata_CBS476.67;MH870746;MH870746.1;Cadophora_gregata;F;Fungi;Ascomycota;Leotiomycetes;Helotiales incertae sedis;Cadophora;NA;NA;taxon:51156;CBS_476.67;USA: Illinois;NA;NA;NA;NA;NA;FALSE;CBS sequencing project;Vu,D., Groenewald,M., de Vries,M., Gehrmann,T., Stielow,B., Eberhardt,U., Al-Hatmi,A., Groenewald,J.Z., Cardinali,G., Houbraken,J., Boekhout,T., Crous,P.W., Robert,V. and Verkley,G.J.M.;Large-scale generation and analysis of filamentous fungal DNA barcodes boosts coverage for kingdom fungi and reveals thresholds for fungal species and higher taxon delimitation;Stud. Mycol. 92, 135-154 (2019);29955203;NA
Cadophora_helianthi_CBS144752;MK813837;MK813837.1;Cadophora_helianthi;T;Fungi;Ascomycota;Leotiomycetes;Helotiales incertae sedis;Cadophora;NA;NA;taxon:1755420;CBS_144752;NA;NA;NA;NA;NA;NA;FALSE;NA;Gramaje,D.;Direct Submission;"Submitted (19-APR-2019) Viticulture, CSIC, Instituto de Ciencias de la Vid y del Vino; Ctra. LO-20 - salida 13, Finca La Grajera, Logrono, La Rioja 26007, Spain";NA;NA
Cadophora_helianthi_Clo0216;MF962600;MF962600.1;Cadophora_helianthi;F;Fungi;Ascomycota;Leotiomycetes;Helotiales incertae sedis;Cadophora;NA;NA;taxon:227289;Clo0216;Russia;NA;NA;NA;2016;NA;FALSE;NA;Martin-Sanz,A., Molinero-Ruiz,L. and Garcia-Carneros,A.B.;Cadophora luteo-olivacea: a new pathogen of sunflower causing wilting, yellowing and leaf necrosis in Russia;Plant Dis. (2018) In press;NA;NA
Cadophora_helianthi_Clo0316;MF962601;MF962601.1;Cadophora_helianthi;F;Fungi;Ascomycota;Leotiomycetes;Helotiales incertae sedis;Cadophora;NA;NA;taxon:227289;Clo0316;Russia;NA;NA;NA;2016;NA;FALSE;NA;Martin-Sanz,A., Molinero-Ruiz,L. and Garcia-Carneros,A.B.;Cadophora luteo-olivacea: a new pathogen of sunflower causing wilting, yellowing and leaf necrosis in Russia;Plant Dis. (2018) In press;NA;NA
Cadophora_interclivum_BAG4;MF979577;MF979577.1;Cadophora_interclivum;T;Fungi;Ascomycota;Leotiomycetes;Helotiales incertae sedis;Cadophora;NA;NA;taxon:2219237;BAG4;Canada;NA;Carex sprengelii;roots of host;15-Aug-2015;NA;FALSE;NA;Walsh,E., Duan,W., Mehdi,M., Naphri,K., Khiste,S., Scalera,A. and Zhang,N.;Cadophora meredithiae and C. interclivum, new species from roots of sedge and spruce in a western Canada subalpine forest;Mycologia 110 (1), 201-214 (2018);29863989;NA
Cadophora_interclivum_BAP33;MF979578;MF979578.1;Cadophora_interclivum;F;Fungi;Ascomycota;Leotiomycetes;Helotiales incertae sedis;Cadophora;NA;NA;taxon:2219237;BAP33;Canada;NA;Picea glauca;roots of host;15-Aug-2015;NA;FALSE;NA;Walsh,E., Duan,W., Mehdi,M., Naphri,K., Khiste,S., Scalera,A. and Zhang,N.;Cadophora meredithiae and C. interclivum, new species from roots of sedge and spruce in a western Canada subalpine forest;Mycologia 110 (1), 201-214 (2018);29863989;NA
Cadophora_interclivum_BAP37;MF979579;MF979579.1;Cadophora_interclivum;F;Fungi;Ascomycota;Leotiomycetes;Helotiales incertae sedis;Cadophora;NA;NA;taxon:2219237;BAP37;Canada;NA;Picea glauca;roots of host;15-Aug-2015;NA;FALSE;NA;Walsh,E., Duan,W., Mehdi,M., Naphri,K., Khiste,S., Scalera,A. and Zhang,N.;Cadophora meredithiae and C. interclivum, new species from roots of sedge and spruce in a western Canada subalpine forest;Mycologia 110 (1), 201-214 (2018);29863989;NA
Cadophora_lacrimiformis_MFLU16_1486;MK585003;MK585003.1;Cadophora_lacrimiformis;T;Fungi;Ascomycota;Leotiomycetes;Helotiales incertae sedis;Cadophora;NA;NA;taxon:2544952;MFLU 16-1486;NA;NA;NA;NA;NA;NA;FALSE;NA;Ekanayaka,A.H., Hyde,K.D., Gentekaki,E., McKenzie,E.H.C., Zhao,Q., Bulgakov,T.S. and Camporesi,E.;Preliminary classification of Leotiomycetes;Mycosphere 10 (1), 310-489 (2019);NA;NA
Cadophora_luteo_olivacea_Cad_02;MG745829;MG745829.1;Cadophora_luteo-olivacea;F;Fungi;Ascomycota;Leotiomycetes;Helotiales incertae sedis;Cadophora;NA;NA;taxon:227289;Cad-02;Spain;NA;NA;NA;NA;NA;FALSE;NA;Agusti-Brisach,C., Lopez-Moral,A., Raya-Ortega,M.C., Franco,R., Roca-Castillo,L.F. and Trapero,A.;Occurrence of grapevine trunk diseases affecting the native cultivar Pedro Ximenez in Southern Spain;Unpublished;NA;NA
Cadophora_luteo_olivacea_CBS141.41_TYPE;NR_111149;NR_111149.1;Cadophora_luteo-olivacea;T;Fungi;Ascomycota;Leotiomycetes;Helotiales incertae sedis;Cadophora;NA;NA;taxon:227289;CBS_141.41;NA;NA;NA;NA;NA;NA;FALSE;ex-holotype culture of Phialophora luteo-olivacea;Schoch,C.L., Robbertse,B., Robert,V., Vu,D., Cardinali,G., Irinyi,L., Meyer,W., Nilsson,R.H., Hughes,K., Miller,A.N., Kirk,P.M., Abarenkov,K., Aime,M.C., Ariyawansa,H.A., Bidartondo,M., Boekhout,T., Buyck,B., Cai,Q., Chen,J., Crespo,A., Crous,P.W., Damm,U., De Beer,Z.W., Dentinger,B.T., Divakar,P.K., Duenas,M., Feau,N., Fliegerova,K., Garcia,M.A., Ge,Z.W., Griffith,G.W., Groenewald,J.Z., Groenewald,M., Grube,M., Gryzenhout,M., Gueidan,C., Guo,L., Hambleton,S., Hamelin,R., Hansen,K., Hofstetter,V., Hong,S.B., Houbraken,J., Hyde,K.D., Inderbitzin,P., Johnston,P.R., Karunarathna,S.C., Koljalg,U., Kovacs,G.M., Kraichak,E., Krizsan,K., Kurtzman,C.P., Larsson,K.H., Leavitt,S., Letcher,P.M., Liimatainen,K., Liu,J.K., Lodge,D.J., Luangsa-ard,J.J., Lumbsch,H.T., Maharachchikumbura,S.S., Manamgoda,D., Martin,M.P., Minnis,A.M., Moncalvo,J.M., Mule,G., Nakasone,K.K., Niskanen,T., Olariaga,I., Papp,T., Petkovits,T., Pino-Bodas,R., Powell,M.J., Raja,H.A., Redecker,D., Sarmiento-Ramirez,J.M., Seifert,K.A., Shrestha,B., Stenroos,S., Stielow,B., Suh,S.O., Tanaka,K., Tedersoo,L., Telleria,M.T., Udayanga,D., Untereiner,W.A., Dieguez Uribeondo,J., Subbarao,K.V., Vagvolgyi,C., Visagie,C., Voigt,K., Walker,D.M., Weir,B.S., Weiss,M., Wijayawardene,N.N., Wingfield,M.J., Xu,J.P., Yang,Z.L., Zhang,N., Zhuang,W.Y. and Federhen,S.;Finding needles in haystacks: linking scientific names, reference specimens and molecular data for Fungi;Database (Oxford) 2014 (2014);24980130;Publication Status: Online-Only
Cadophora_luteo_olivacea_U7;KM497044;KM497044.1;Cadophora_luteo-olivacea;F;Fungi;Ascomycota;Leotiomycetes;Helotiales incertae sedis;Cadophora;NA;NA;taxon:227289;U7;USA;NA;NA;NA;NA;NA;FALSE;NA;Travadon,R., Lawrence,D.P., Rooney-Latham,S., Gubler,W.D., Wilcox,W.F., Rolshausen,P.E. and Baumgartner,K.;Cadophora species associated with wood-decay of grapevine in North America;Fungal Biol 119 (1), 53-66 (2015);25601149;NA
Cadophora_malorum_CBS165.42;MH856109;MH856109.1;Cadophora_malorum;T;Fungi;Ascomycota;Leotiomycetes;Helotiales incertae sedis;Cadophora;NA;NA;taxon:108018;CBS_165.42;Netherlands;NA;NA;NA;NA;NA;FALSE;"CBS sequencing project; Other collections: LCP 60.1597; Type status: Isotype of Phialophora atra J.F.H. Beyma";Vu,D., Groenewald,M., de Vries,M., Gehrmann,T., Stielow,B., Eberhardt,U., Al-Hatmi,A., Groenewald,J.Z., Cardinali,G., Houbraken,J., Boekhout,T., Crous,P.W., Robert,V. and Verkley,G.J.M.;Large-scale generation and analysis of filamentous fungal DNA barcodes boosts coverage for kingdom fungi and reveals thresholds for fungal species and higher taxon delimitation;Stud. Mycol. 92, 135-154 (2019);29955203;NA
Cadophora_malorum_FAA287_ZH26;MG660852;MG660852.1;Cadophora_malorum;F;Fungi;Ascomycota;Leotiomycetes;Helotiales incertae sedis;Cadophora;NA;NA;taxon:108018;FAA287-ZH26;NA;NA;NA;NA;NA;NA;FALSE;NA;De Marchi,R., Koss,M., Ziegler,D., De Respinis,S. and Petrini,O.;Fungi in water samples of a full-scale water work;Mycol. Prog. 17 (4), 467-478 (2018);NA;NA
Cadophora_malorum_IS090;LC085207;LC085207.1;Cadophora_malorum;F;Fungi;Ascomycota;Leotiomycetes;Helotiales incertae sedis;Cadophora;NA;NA;taxon:108018;IS090;Antarctica;NA;NA;moss;NA;NA;FALSE;NA;Hirose,D., Hobara,S., Tanabe,Y., Uchida,M., Kudoh,S. and Osono,T.;Abundance, richness, and succession of microfungi in relation to chemical changes in Antarctic moss profiles;Polar Biol. 40, 2457-2468 (2017);NA;DOI:10.1007/s00300-017-2157-5
Cadophora_margaritata_CBS144084;MH203866;MH203866.1;Cadophora_margaritata;F;Fungi;Ascomycota;Leotiomycetes;Helotiales incertae sedis;Cadophora;NA;NA;taxon:2218659;CBS144084;Finland;NA;NA;Saperda carcharias colonized wood;01-Aug-2013;NA;FALSE;NA;Linnakoski,R., Kasanen,R., Lasarov,I., Marttinen,T., Oghenekaro,A.O., Sun,H., Asiegbu,F.O., Wingfield,M.J., Hantula,J. and Helioevaara,K.;Cadophora margaritata sp. nov., and other fungi associated with the longhorn beetles Anoplophora glabripennis and Saperda carcharias in Finland;Unpublished;NA;NA
Cadophora_melinii_CBS268.33;NR_111150;NR_111150.1;Cadophora_melinii;T;Fungi;Ascomycota;Leotiomycetes;Helotiales incertae sedis;Cadophora;NA;NA;taxon:91938;CBS_268.33;NA;NA;NA;NA;NA;NA;FALSE;ex-isotype culture of Cadophora melinii;Schoch,C.L., Robbertse,B., Robert,V., Vu,D., Cardinali,G., Irinyi,L., Meyer,W., Nilsson,R.H., Hughes,K., Miller,A.N., Kirk,P.M., Abarenkov,K., Aime,M.C., Ariyawansa,H.A., Bidartondo,M., Boekhout,T., Buyck,B., Cai,Q., Chen,J., Crespo,A., Crous,P.W., Damm,U., De Beer,Z.W., Dentinger,B.T., Divakar,P.K., Duenas,M., Feau,N., Fliegerova,K., Garcia,M.A., Ge,Z.W., Griffith,G.W., Groenewald,J.Z., Groenewald,M., Grube,M., Gryzenhout,M., Gueidan,C., Guo,L., Hambleton,S., Hamelin,R., Hansen,K., Hofstetter,V., Hong,S.B., Houbraken,J., Hyde,K.D., Inderbitzin,P., Johnston,P.R., Karunarathna,S.C., Koljalg,U., Kovacs,G.M., Kraichak,E., Krizsan,K., Kurtzman,C.P., Larsson,K.H., Leavitt,S., Letcher,P.M., Liimatainen,K., Liu,J.K., Lodge,D.J., Luangsa-ard,J.J., Lumbsch,H.T., Maharachchikumbura,S.S., Manamgoda,D., Martin,M.P., Minnis,A.M., Moncalvo,J.M., Mule,G., Nakasone,K.K., Niskanen,T., Olariaga,I., Papp,T., Petkovits,T., Pino-Bodas,R., Powell,M.J., Raja,H.A., Redecker,D., Sarmiento-Ramirez,J.M., Seifert,K.A., Shrestha,B., Stenroos,S., Stielow,B., Suh,S.O., Tanaka,K., Tedersoo,L., Telleria,M.T., Udayanga,D., Untereiner,W.A., Dieguez Uribeondo,J., Subbarao,K.V., Vagvolgyi,C., Visagie,C., Voigt,K., Walker,D.M., Weir,B.S., Weiss,M., Wijayawardene,N.N., Wingfield,M.J., Xu,J.P., Yang,Z.L., Zhang,N., Zhuang,W.Y. and Federhen,S.;Finding needles in haystacks: linking scientific names, reference specimens and molecular data for Fungi;Database (Oxford) 2014 (2014);24980130;Publication Status: Online-Only
Cadophora_melinii_ONC1;KM497033;KM497033.1;Cadophora_melinii;F;Fungi;Ascomycota;Leotiomycetes;Helotiales incertae sedis;Cadophora;NA;NA;taxon:91938;ONC1;USA;NA;NA;NA;NA;NA;FALSE;NA;Travadon,R., Lawrence,D.P., Rooney-Latham,S., Gubler,W.D., Wilcox,W.F., Rolshausen,P.E. and Baumgartner,K.;Cadophora species associated with wood-decay of grapevine in North America;Fungal Biol 119 (1), 53-66 (2015);25601149;NA
Cadophora_melinii_U11;KM497032;KM497032.1;Cadophora_melinii;F;Fungi;Ascomycota;Leotiomycetes;Helotiales incertae sedis;Cadophora;NA;NA;taxon:91938;U11;USA;NA;NA;NA;NA;NA;FALSE;NA;Travadon,R., Lawrence,D.P., Rooney-Latham,S., Gubler,W.D., Wilcox,W.F., Rolshausen,P.E. and Baumgartner,K.;Cadophora species associated with wood-decay of grapevine in North America;Fungal Biol 119 (1), 53-66 (2015);25601149;NA
Cadophora_meredithiae_BAG2;MF979574;MF979574.1;Cadophora_meredithiae;T;Fungi;Ascomycota;Leotiomycetes;Helotiales incertae sedis;Cadophora;NA;NA;taxon:2219232;BAG2;Canada;NA;Carex sprengelii;roots of host;15-Aug-2015;NA;FALSE;NA;Walsh,E., Duan,W., Mehdi,M., Naphri,K., Khiste,S., Scalera,A. and Zhang,N.;Cadophora meredithiae and C. interclivum, new species from roots of sedge and spruce in a western Canada subalpine forest;Mycologia 110 (1), 201-214 (2018);29863989;NA
Cadophora_meredithiae_BAP13;MF979576;MF979576.1;Cadophora_meredithiae;F;Fungi;Ascomycota;Leotiomycetes;Helotiales incertae sedis;Cadophora;NA;NA;taxon:2219232;BAP13;Canada;NA;Picea glauca;roots of host;15-Aug-2015;NA;FALSE;NA;Walsh,E., Duan,W., Mehdi,M., Naphri,K., Khiste,S., Scalera,A. and Zhang,N.;Cadophora meredithiae and C. interclivum, new species from roots of sedge and spruce in a western Canada subalpine forest;Mycologia 110 (1), 201-214 (2018);29863989;NA
Cadophora_meredithiae_BAP6;MF979575;MF979575.1;Cadophora_meredithiae;F;Fungi;Ascomycota;Leotiomycetes;Helotiales incertae sedis;Cadophora;NA;NA;taxon:2219232;BAP6;Canada;NA;Picea glauca;roots of host;15-Aug-2015;NA;FALSE;NA;Walsh,E., Duan,W., Mehdi,M., Naphri,K., Khiste,S., Scalera,A. and Zhang,N.;Cadophora meredithiae and C. interclivum, new species from roots of sedge and spruce in a western Canada subalpine forest;Mycologia 110 (1), 201-214 (2018);29863989;NA
Cadophora_microspora_MFLU18_2672;NR_163776;NR_163776.1;Cadophora_microspora;F;Fungi;Ascomycota;Leotiomycetes;Helotiales incertae sedis;Cadophora;NA;NA;taxon:2544953;MFLU 18-2672;NA;NA;NA;NA;NA;NA;FALSE;NA;Ekanayaka,A.H., Hyde,K.D., Gentekaki,E., McKenzie,E.H.C., Zhao,Q., Bulgakov,T.S. and Camporesi,E.;Preliminary classification of Leotiomycetes;Mycosphere 10 (1), 310-489 (2019);NA;NA
Cadophora_novi_eboraci_CBS101359;KM497092;KM497092.1;Cadophora_novi-eboraci;F;Fungi;Ascomycota;Leotiomycetes;Helotiales incertae sedis;Cadophora;NA;NA;taxon:1580043;CBS_101359;USA;NA;NA;NA;NA;NA;FALSE;NA;Travadon,R., Lawrence,D.P., Rooney-Latham,S., Gubler,W.D., Wilcox,W.F., Rolshausen,P.E. and Baumgartner,K.;Cadophora species associated with wood-decay of grapevine in North America;Fungal Biol 119 (1), 53-66 (2015);25601149;NA
Cadophora_novi_eboraci_NYC14_TYPE;KM497037;KM497037.1;Cadophora_novi-eboraci;T;Fungi;Ascomycota;Leotiomycetes;Helotiales incertae sedis;Cadophora;NA;NA;taxon:1580043;NYC14;USA;NA;NA;NA;NA;NA;FALSE;NA;Travadon,R., Lawrence,D.P., Rooney-Latham,S., Gubler,W.D., Wilcox,W.F., Rolshausen,P.E. and Baumgartner,K.;Cadophora species associated with wood-decay of grapevine in North America;Fungal Biol 119 (1), 53-66 (2015);25601149;NA
Cadophora_novi_eboraci_NYC2;KM497034;KM497034.1;Cadophora_novi-eboraci;F;Fungi;Ascomycota;Leotiomycetes;Helotiales incertae sedis;Cadophora;NA;NA;taxon:1580043;NYC2;USA;NA;NA;NA;NA;NA;FALSE;NA;Travadon,R., Lawrence,D.P., Rooney-Latham,S., Gubler,W.D., Wilcox,W.F., Rolshausen,P.E. and Baumgartner,K.;Cadophora species associated with wood-decay of grapevine in North America;Fungal Biol 119 (1), 53-66 (2015);25601149;NA
Cadophora_orchidicola_DEPMD_S_10;KU901550;KU901550.1;Cadophora_orchidicola;F;Fungi;Ascomycota;Leotiomycetes;Helotiales incertae sedis;Cadophora;NA;NA;taxon:1732013;DEPMD_S-10;Poland: Lower Silesia Province;NA;Triticum aestivum;NA;NA;NA;FALSE;NA;Przemieniecki,S.W., Kurowski,T.P., Kotlarz,K., Kacprzak-Siuda,K., Damszel,M., Pszczolkowska,A., Okorski,A., Gorzkowska,A., Charenska,A. and Karwowska,A.;Identification of Fusarium fungi colonizing the roots of winter wheat;Unpublished;NA;NA
Cadophora_orientoamericana_NHC1_TYPE;KM497018;KM497018.1;Cadophora_orientoamericana;T;Fungi;Ascomycota;Leotiomycetes;Helotiales incertae sedis;Cadophora;NA;NA;taxon:1580044;NHC1;USA;NA;NA;NA;NA;NA;FALSE;NA;Travadon,R., Lawrence,D.P., Rooney-Latham,S., Gubler,W.D., Wilcox,W.F., Rolshausen,P.E. and Baumgartner,K.;Cadophora species associated with wood-decay of grapevine in North America;Fungal Biol 119 (1), 53-66 (2015);25601149;NA
Cadophora_orientoamericana_OHC1;KM497028;KM497028.1;Cadophora_orientoamericana;F;Fungi;Ascomycota;Leotiomycetes;Helotiales incertae sedis;Cadophora;NA;NA;taxon:1580044;OHC1;USA;NA;NA;NA;NA;NA;FALSE;NA;Travadon,R., Lawrence,D.P., Rooney-Latham,S., Gubler,W.D., Wilcox,W.F., Rolshausen,P.E. and Baumgartner,K.;Cadophora species associated with wood-decay of grapevine in North America;Fungal Biol 119 (1), 53-66 (2015);25601149;NA
Cadophora_orientoamericana_VTC1;KM497027;KM497027.1;Cadophora_orientoamericana;F;Fungi;Ascomycota;Leotiomycetes;Helotiales incertae sedis;Cadophora;NA;NA;taxon:1580044;VTC1;USA;NA;NA;NA;NA;NA;FALSE;NA;Travadon,R., Lawrence,D.P., Rooney-Latham,S., Gubler,W.D., Wilcox,W.F., Rolshausen,P.E. and Baumgartner,K.;Cadophora species associated with wood-decay of grapevine in North America;Fungal Biol 119 (1), 53-66 (2015);25601149;NA
Cadophora_sp._31_1240;KT350596;KT350596.1;Cadophora_sp.;F;Fungi;Ascomycota;Leotiomycetes;Helotiales incertae sedis;Cadophora;NA;NA;taxon:1759438;31-1240;Netherlands;NA;NA;infected pear fruit;2013;NA;FALSE;NA;Pham,K.T.K. and Wenneker,M.;Identification of Cadophora species isolated from pear fruit in the Netherlands;Unpublished;NA;NA
Cadophora_sp._8_1227;KT350594;KT350594.1;Cadophora_sp.;F;Fungi;Ascomycota;Leotiomycetes;Helotiales incertae sedis;Cadophora;NA;NA;taxon:1759439;8-1227;Netherlands;NA;NA;infected pear fruit;2013;NA;FALSE;NA;Pham,K.T.K. and Wenneker,M.;Identification of Cadophora species isolated from pear fruit in the Netherlands;Unpublished;NA;NA
Cadophora_sp._89_1261;KT350595;KT350595.1;Cadophora_sp.;F;Fungi;Ascomycota;Leotiomycetes;Helotiales incertae sedis;Cadophora;NA;NA;taxon:1759440;89-1261;Netherlands;NA;NA;infected pear fruit;2013;NA;FALSE;NA;Pham,K.T.K. and Wenneker,M.;Identification of Cadophora species isolated from pear fruit in the Netherlands;Unpublished;NA;NA
Cadophora_spadicis_AG20;MF188972;MF188972.1;Cadophora_ramosa;F;Fungi;Ascomycota;Leotiomycetes;Helotiales incertae sedis;Cadophora;NA;NA;taxon:1580045;AG20;Finland;NA;Salix caprea;Anoplophora glabripennis larvae;11-Dec-2015;NA;FALSE;NA;Linnakoski,R., Hantula,J., Kasanen,R., Wingfield,M.J., Asiegbu,F.O. and Heliovaara,K.;Fungi associated with the Asian longhorned beetle (Anoplophora glabripennis) in Finland;Unpublished;NA;NA
Cadophora_spadicis_CBS111743_TYPE;KM497091;KM497091.1;Cadophora_ramosa;T;Fungi;Ascomycota;Leotiomycetes;Helotiales incertae sedis;Cadophora;NA;NA;taxon:1580045;CBS_111743;USA;NA;NA;NA;NA;NA;FALSE;NA;Travadon,R., Lawrence,D.P., Rooney-Latham,S., Gubler,W.D., Wilcox,W.F., Rolshausen,P.E. and Baumgartner,K.;Cadophora species associated with wood-decay of grapevine in North America;Fungal Biol 119 (1), 53-66 (2015);25601149;NA
Cadophora_spadicis_RIC1;KM497029;KM497029.1;Cadophora_ramosa;F;Fungi;Ascomycota;Leotiomycetes;Helotiales incertae sedis;Cadophora;NA;NA;taxon:1580045;RIC1;USA;NA;NA;NA;NA;NA;FALSE;NA;Travadon,R., Lawrence,D.P., Rooney-Latham,S., Gubler,W.D., Wilcox,W.F., Rolshausen,P.E. and Baumgartner,K.;Cadophora species associated with wood-decay of grapevine in North America;Fungal Biol 119 (1), 53-66 (2015);25601149;NA
Cadophora_viticola_Cme_1;HQ661096;HQ661096.1;Cadophora_viticola;F;Fungi;Ascomycota;Leotiomycetes;Helotiales incertae sedis;Cadophora;NA;NA;taxon:1667009;Cme-1;Spain;NA;NA;NA;NA;NA;FALSE;NA;Gramaje,D., Mostert,L. and Armengol,J.;Characterization of Cadophora luteo-olivacea and C. melinii isolates obtained from grapevines and environmental samples from grapevine nurseries in Spain;Unpublished;NA;NA
Cadophora_viticola_Cme_2;HQ661097;HQ661097.1;Cadophora_viticola;T;Fungi;Ascomycota;Leotiomycetes;Helotiales incertae sedis;Cadophora;NA;NA;taxon:1667009;Cme-2;Spain;NA;NA;NA;NA;NA;FALSE;NA;Gramaje,D., Mostert,L. and Armengol,J.;Characterization of Cadophora luteo-olivacea and C. melinii isolates obtained from grapevines and environmental samples from grapevine nurseries in Spain;Unpublished;NA;NA
Collembolispora_aristata_CPC21145_TYPE;NR_111830;NR_111830.1;Collembolispora_aristata;T;Fungi;Ascomycota;Leotiomycetes;Helotiales incertae sedis;Collembolispora;NA;NA;taxon:1280616;CPC21145;Czech Republic: Moravian Karst, in the vicinity of the village Nova Ves near Tisnov;NA;NA;foam in an unnamed right tributary of the brook Bezenek;NA;NA;FALSE;ex-holotype culture of Collembolispora aristata;Schoch,C.L., Robbertse,B., Robert,V., Vu,D., Cardinali,G., Irinyi,L., Meyer,W., Nilsson,R.H., Hughes,K., Miller,A.N., Kirk,P.M., Abarenkov,K., Aime,M.C., Ariyawansa,H.A., Bidartondo,M., Boekhout,T., Buyck,B., Cai,Q., Chen,J., Crespo,A., Crous,P.W., Damm,U., De Beer,Z.W., Dentinger,B.T., Divakar,P.K., Duenas,M., Feau,N., Fliegerova,K., Garcia,M.A., Ge,Z.W., Griffith,G.W., Groenewald,J.Z., Groenewald,M., Grube,M., Gryzenhout,M., Gueidan,C., Guo,L., Hambleton,S., Hamelin,R., Hansen,K., Hofstetter,V., Hong,S.B., Houbraken,J., Hyde,K.D., Inderbitzin,P., Johnston,P.R., Karunarathna,S.C., Koljalg,U., Kovacs,G.M., Kraichak,E., Krizsan,K., Kurtzman,C.P., Larsson,K.H., Leavitt,S., Letcher,P.M., Liimatainen,K., Liu,J.K., Lodge,D.J., Luangsa-ard,J.J., Lumbsch,H.T., Maharachchikumbura,S.S., Manamgoda,D., Martin,M.P., Minnis,A.M., Moncalvo,J.M., Mule,G., Nakasone,K.K., Niskanen,T., Olariaga,I., Papp,T., Petkovits,T., Pino-Bodas,R., Powell,M.J., Raja,H.A., Redecker,D., Sarmiento-Ramirez,J.M., Seifert,K.A., Shrestha,B., Stenroos,S., Stielow,B., Suh,S.O., Tanaka,K., Tedersoo,L., Telleria,M.T., Udayanga,D., Untereiner,W.A., Dieguez Uribeondo,J., Subbarao,K.V., Vagvolgyi,C., Visagie,C., Voigt,K., Walker,D.M., Weir,B.S., Weiss,M., Wijayawardene,N.N., Wingfield,M.J., Xu,J.P., Yang,Z.L., Zhang,N., Zhuang,W.Y. and Federhen,S.;Finding needles in haystacks: linking scientific names, reference specimens and molecular data for Fungi;Database (Oxford) 2014 (2014);24980130;Publication Status: Online-Only
Collembolispora_barbata_CBS115944_TYPE;NR_111443;NR_111443.1;Collembolispora_barbata;T;Fungi;Ascomycota;Leotiomycetes;Helotiales incertae sedis;Collembolispora;NA;NA;taxon:859440;UMB-088.01;NA;NA;NA;NA;NA;NA;FALSE;ex-holotype culture of Collembolispora barbata;Schoch,C.L., Robbertse,B., Robert,V., Vu,D., Cardinali,G., Irinyi,L., Meyer,W., Nilsson,R.H., Hughes,K., Miller,A.N., Kirk,P.M., Abarenkov,K., Aime,M.C., Ariyawansa,H.A., Bidartondo,M., Boekhout,T., Buyck,B., Cai,Q., Chen,J., Crespo,A., Crous,P.W., Damm,U., De Beer,Z.W., Dentinger,B.T., Divakar,P.K., Duenas,M., Feau,N., Fliegerova,K., Garcia,M.A., Ge,Z.W., Griffith,G.W., Groenewald,J.Z., Groenewald,M., Grube,M., Gryzenhout,M., Gueidan,C., Guo,L., Hambleton,S., Hamelin,R., Hansen,K., Hofstetter,V., Hong,S.B., Houbraken,J., Hyde,K.D., Inderbitzin,P., Johnston,P.R., Karunarathna,S.C., Koljalg,U., Kovacs,G.M., Kraichak,E., Krizsan,K., Kurtzman,C.P., Larsson,K.H., Leavitt,S., Letcher,P.M., Liimatainen,K., Liu,J.K., Lodge,D.J., Luangsa-ard,J.J., Lumbsch,H.T., Maharachchikumbura,S.S., Manamgoda,D., Martin,M.P., Minnis,A.M., Moncalvo,J.M., Mule,G., Nakasone,K.K., Niskanen,T., Olariaga,I., Papp,T., Petkovits,T., Pino-Bodas,R., Powell,M.J., Raja,H.A., Redecker,D., Sarmiento-Ramirez,J.M., Seifert,K.A., Shrestha,B., Stenroos,S., Stielow,B., Suh,S.O., Tanaka,K., Tedersoo,L., Telleria,M.T., Udayanga,D., Untereiner,W.A., Dieguez Uribeondo,J., Subbarao,K.V., Vagvolgyi,C., Visagie,C., Voigt,K., Walker,D.M., Weir,B.S., Weiss,M., Wijayawardene,N.N., Wingfield,M.J., Xu,J.P., Yang,Z.L., Zhang,N., Zhuang,W.Y. and Federhen,S.;Finding needles in haystacks: linking scientific names, reference specimens and molecular data for Fungi;Database (Oxford) 2014 (2014);24980130;Publication Status: Online-Only
Graphium_rubrum_ATCC24593;MH855487;MH855487.1;Graphium_rubrum;F;Fungi;Ascomycota;Leotiomycetes;Helotiales incertae sedis;Graphium;NA;NA;taxon:67626;CBS_210.34;USA: Mississippi;NA;NA;NA;NA;NA;FALSE;"CBS sequencing project; Other collections: ATCC 24593;JCM 9751; Type status: Type of Graphium rubrum Rumbold";Vu,D., Groenewald,M., de Vries,M., Gehrmann,T., Stielow,B., Eberhardt,U., Al-Hatmi,A., Groenewald,J.Z., Cardinali,G., Houbraken,J., Boekhout,T., Crous,P.W., Robert,V. and Verkley,G.J.M.;Large-scale generation and analysis of filamentous fungal DNA barcodes boosts coverage for kingdom fungi and reveals thresholds for fungal species and higher taxon delimitation;Stud. Mycol. 92, 135-154 (2019);29955203;NA
Gyoerffyella_rotula_CCMF_400;NA;NA;Gyoerffyella_rotula;F;NA;NA;NA;NA;NA;NA;NA;NA;CCMF_400;NA;NA;NA;NA;NA;NA;NA;NA;NA;NA;NA;NA;NA
Helgardia_anguioides;AY266144;AY266144.1;Helgardia_anguioides;F;Fungi;Ascomycota;Leotiomycetes;Dermateaceae;Helgardia;NA;NA;taxon:228667;RAN45;NA;NA;NA;NA;NA;NA;FALSE;NA;Stewart,E.L., Liu,Z., Crous,P.W. and Szabo,L.J.;Phylogenetic relationships among some cercosporoid anamorphs of Mycosphaerella based on rDNA sequence analysis;Mycol. Res. 103 (11), 1491-1499 (1999);NA;NA
Hyaloscypha_finlandica_CBS444.86;MH861983;MH861983.1;Hyaloscypha_finlandica;T;Fungi;Ascomycota;Leotiomycetes;Hyaloscyphaceae;Hyaloscypha;NA;NA;taxon:2482753;CBS_444.86;Finland;NA;NA;NA;NA;NA;FALSE;"CBS sequencing project; Type status: Isotype of Cadophora finlandica C.J.K. Wang & H.E. Wilcox";Vu,D., Groenewald,M., de Vries,M., Gehrmann,T., Stielow,B., Eberhardt,U., Al-Hatmi,A., Groenewald,J.Z., Cardinali,G., Houbraken,J., Boekhout,T., Crous,P.W., Robert,V. and Verkley,G.J.M.;Large-scale generation and analysis of filamentous fungal DNA barcodes boosts coverage for kingdom fungi and reveals thresholds for fungal species and higher taxon delimitation;Stud. Mycol. 92, 135-154 (2019);29955203;NA
Hyaloscypha_finlandica_IFM_50530;AB190393;AB190393.1;Hyaloscypha_finlandica;F;Fungi;Ascomycota;Leotiomycetes;Hyaloscyphaceae;Hyaloscypha;NA;NA;taxon:2482753;IFM_50530;NA;NA;NA;NA;NA;NA;FALSE;synonym: Phialophora finlandica;Fukushima,K., Takizawa,K., Nishimura,K., Hashizume,T. and Chikamori,M.;Molecular phylogeny of genus Phialophora based on rDNA D1/D2 region;Unpublished;NA;NA
Leptodontidium_orchidicola_1557;AM262433;AM262433.1;Cadophora_orchidicola;F;Fungi;Ascomycota;Leotiomycetes;Helotiales incertae sedis;Cadophora;NA;NA;taxon:1732013;1557;NA;NA;Dactylis glomerata;NA;NA;NA;FALSE;NA;Sanchez Marquez,S., Bills,G.F. and Zabalgogeazcoa,I.;The endophytic assemblage of Dactylis glomerata;Unpublished;NA;NA
Mollisia_dextrinospora_AG5;MF188986;MF188986.1;Cadophora_dextrinospora;F;Fungi;Ascomycota;Leotiomycetes;Dermateaceae;Mollisia;NA;NA;taxon:237556;AG5;Finland;NA;Betula pendula;decayed wood in Anoplophora glabripennis galleries;23-Nov-2015;NA;FALSE;NA;Linnakoski,R., Hantula,J., Kasanen,R., Wingfield,M.J., Asiegbu,F.O. and Heliovaara,K.;Fungi associated with the Asian longhorned beetle (Anoplophora glabripennis) in Finland;Unpublished;NA;NA
Mollisia_dextrinospora_CBS401.78;NR_119489;NR_119489.1;Cadophora_dextrinospora;T;Fungi;Ascomycota;Leotiomycetes;Dermateaceae;Mollisia;NA;NA;taxon:237556;"CBS_401.78;_STE-U_5093";NA;NA;NA;NA;NA;NA;FALSE;ex-holotype culture of Mollisia dextrinospora;Schoch,C.L., Robbertse,B., Robert,V., Vu,D., Cardinali,G., Irinyi,L., Meyer,W., Nilsson,R.H., Hughes,K., Miller,A.N., Kirk,P.M., Abarenkov,K., Aime,M.C., Ariyawansa,H.A., Bidartondo,M., Boekhout,T., Buyck,B., Cai,Q., Chen,J., Crespo,A., Crous,P.W., Damm,U., De Beer,Z.W., Dentinger,B.T., Divakar,P.K., Duenas,M., Feau,N., Fliegerova,K., Garcia,M.A., Ge,Z.W., Griffith,G.W., Groenewald,J.Z., Groenewald,M., Grube,M., Gryzenhout,M., Gueidan,C., Guo,L., Hambleton,S., Hamelin,R., Hansen,K., Hofstetter,V., Hong,S.B., Houbraken,J., Hyde,K.D., Inderbitzin,P., Johnston,P.R., Karunarathna,S.C., Koljalg,U., Kovacs,G.M., Kraichak,E., Krizsan,K., Kurtzman,C.P., Larsson,K.H., Leavitt,S., Letcher,P.M., Liimatainen,K., Liu,J.K., Lodge,D.J., Luangsa-ard,J.J., Lumbsch,H.T., Maharachchikumbura,S.S., Manamgoda,D., Martin,M.P., Minnis,A.M., Moncalvo,J.M., Mule,G., Nakasone,K.K., Niskanen,T., Olariaga,I., Papp,T., Petkovits,T., Pino-Bodas,R., Powell,M.J., Raja,H.A., Redecker,D., Sarmiento-Ramirez,J.M., Seifert,K.A., Shrestha,B., Stenroos,S., Stielow,B., Suh,S.O., Tanaka,K., Tedersoo,L., Telleria,M.T., Udayanga,D., Untereiner,W.A., Dieguez Uribeondo,J., Subbarao,K.V., Vagvolgyi,C., Visagie,C., Voigt,K., Walker,D.M., Weir,B.S., Weiss,M., Wijayawardene,N.N., Wingfield,M.J., Xu,J.P., Yang,Z.L., Zhang,N., Zhuang,W.Y. and Federhen,S.;Finding needles in haystacks: linking scientific names, reference specimens and molecular data for Fungi;Database (Oxford) 2014 (2014);24980130;Publication Status: Online-Only
Mycochaetophora_gentianae;AB434661;AB434661.1;Mycochaetophora_gentianae;F;Fungi;Ascomycota;Leotiomycetes;Helotiales incertae sedis;Mycochaetophora;NA;NA;taxon:1187133;;Japan: Okayama;NA;NA;NA;NA;NA;FALSE;NA;Kobayashi,T., Kasuyama,S., Nasu,H., Ono,Y. and Watanabe,K.;Brown leaf spot disease of gentian, Gentiana scabra var. buergeri (Miq.) Maxim. and its causal fungus;Unpublished;NA;NA
Mycochaetophora_gentianae_MAFF239231;NR_121201;NR_121201.1;Mycochaetophora_gentianae;T;Fungi;Ascomycota;Leotiomycetes;Helotiales incertae sedis;Mycochaetophora;NA;NA;taxon:1187133;MAFF_239231;Japan: Okayama;NA;NA;NA;NA;NA;FALSE;ex-type culture of Mycochaetophora gentianae;Schoch,C.L., Robbertse,B., Robert,V., Vu,D., Cardinali,G., Irinyi,L., Meyer,W., Nilsson,R.H., Hughes,K., Miller,A.N., Kirk,P.M., Abarenkov,K., Aime,M.C., Ariyawansa,H.A., Bidartondo,M., Boekhout,T., Buyck,B., Cai,Q., Chen,J., Crespo,A., Crous,P.W., Damm,U., De Beer,Z.W., Dentinger,B.T., Divakar,P.K., Duenas,M., Feau,N., Fliegerova,K., Garcia,M.A., Ge,Z.W., Griffith,G.W., Groenewald,J.Z., Groenewald,M., Grube,M., Gryzenhout,M., Gueidan,C., Guo,L., Hambleton,S., Hamelin,R., Hansen,K., Hofstetter,V., Hong,S.B., Houbraken,J., Hyde,K.D., Inderbitzin,P., Johnston,P.R., Karunarathna,S.C., Koljalg,U., Kovacs,G.M., Kraichak,E., Krizsan,K., Kurtzman,C.P., Larsson,K.H., Leavitt,S., Letcher,P.M., Liimatainen,K., Liu,J.K., Lodge,D.J., Luangsa-ard,J.J., Lumbsch,H.T., Maharachchikumbura,S.S., Manamgoda,D., Martin,M.P., Minnis,A.M., Moncalvo,J.M., Mule,G., Nakasone,K.K., Niskanen,T., Olariaga,I., Papp,T., Petkovits,T., Pino-Bodas,R., Powell,M.J., Raja,H.A., Redecker,D., Sarmiento-Ramirez,J.M., Seifert,K.A., Shrestha,B., Stenroos,S., Stielow,B., Suh,S.O., Tanaka,K., Tedersoo,L., Telleria,M.T., Udayanga,D., Untereiner,W.A., Dieguez Uribeondo,J., Subbarao,K.V., Vagvolgyi,C., Visagie,C., Voigt,K., Walker,D.M., Weir,B.S., Weiss,M., Wijayawardene,N.N., Wingfield,M.J., Xu,J.P., Yang,Z.L., Zhang,N., Zhuang,W.Y. and Federhen,S.;Finding needles in haystacks: linking scientific names, reference specimens and molecular data for Fungi;Database (Oxford) 2014 (2014);24980130;Publication Status: Online-Only
Mycochaetophora_sp._MAFF239284;AB434662;AB434662.1;Mycochaetophora_gentianae;F;Fungi;Ascomycota;Leotiomycetes;Helotiales incertae sedis;Mycochaetophora;NA;NA;taxon:520521;MAFF_239284;Japan: Okayama;NA;NA;NA;NA;NA;FALSE;NA;Kobayashi,T., Kasuyama,S., Nasu,H., Ono,Y. and Watanabe,K.;Brown leaf spot disease of gentian, Gentiana scabra var. buergeri (Miq.) Maxim. and its causal fungus;Unpublished;NA;NA
Oculimacula_acuformis_CBS495.80;MH861289;MH861289.1;Oculimacula_acuformis;F;Fungi;Ascomycota;Leotiomycetes;Ploettnerulaceae;Oculimacula;NA;NA;taxon:110162;CBS_495.80;Germany;NA;NA;NA;NA;NA;FALSE;"CBS sequencing project; Other collections: BBA 63998; Type status: Type of Pseudocercosporella herpotrichoides var. acuformis Nirenberg";Vu,D., Groenewald,M., de Vries,M., Gehrmann,T., Stielow,B., Eberhardt,U., Al-Hatmi,A., Groenewald,J.Z., Cardinali,G., Houbraken,J., Boekhout,T., Crous,P.W., Robert,V. and Verkley,G.J.M.;Large-scale generation and analysis of filamentous fungal DNA barcodes boosts coverage for kingdom fungi and reveals thresholds for fungal species and higher taxon delimitation;Stud. Mycol. 92, 135-154 (2019);29955203;NA
Oculimacula_aestiva_CBS114730;MG934454;MG934454.1;Oculimacula_aestiva;F;Fungi;Ascomycota;Leotiomycetes;Ploettnerulaceae;Oculimacula;NA;NA;taxon:2479500;CBS_114730;Sweden;NA;NA;wheat;NA;NA;FALSE;NA;Marin-Felix,Y., Hernandez-Restrepo,M., Wingfield,M.J., Akulov,A., Carnegie,A.J., Cheewangkoon,R., Gramaje,D., Groenewald,J.Z., Guarnaccia,V., Halleen,F., Lombard,L., Luangsa-Ard,J., Marincowitz,S., Moslemi,A., Mostert,L., Quaedvlieg,W., Schumacher,R.K., Spies,C.F., Thangavel,R., Taylor,P.W., Wilson,A.M., Wingfield,B.D., Wood,A.R. and Crous,P.W.;Genera of phytopathogenic fungi: GOPHY 2;Stud. Mycol. 92, 47-133 (2019);29997401;NA
Oculimacula_yallundae_CBS110665;MG934456;MG934456.1;Oculimacula_yallundae;T;Fungi;Ascomycota;Leotiomycetes;Ploettnerulaceae;Oculimacula;NA;NA;taxon:86028;CBS_110665;South Africa;NA;NA;Triticum aestivum;NA;NA;FALSE;NA;Marin-Felix,Y., Hernandez-Restrepo,M., Wingfield,M.J., Akulov,A., Carnegie,A.J., Cheewangkoon,R., Gramaje,D., Groenewald,J.Z., Guarnaccia,V., Halleen,F., Lombard,L., Luangsa-Ard,J., Marincowitz,S., Moslemi,A., Mostert,L., Quaedvlieg,W., Schumacher,R.K., Spies,C.F., Thangavel,R., Taylor,P.W., Wilson,A.M., Wingfield,B.D., Wood,A.R. and Crous,P.W.;Genera of phytopathogenic fungi: GOPHY 2;Stud. Mycol. 92, 47-133 (2019);29997401;NA
Oculimacula_yallundae_CBS128.31;MH855154;MH855154.1;Oculimacula_yallundae;F;Fungi;Ascomycota;Leotiomycetes;Ploettnerulaceae;Oculimacula;NA;NA;taxon:86028;CBS_128.31;France;NA;NA;NA;NA;NA;FALSE;CBS sequencing project;Vu,D., Groenewald,M., de Vries,M., Gehrmann,T., Stielow,B., Eberhardt,U., Al-Hatmi,A., Groenewald,J.Z., Cardinali,G., Houbraken,J., Boekhout,T., Crous,P.W., Robert,V. and Verkley,G.J.M.;Large-scale generation and analysis of filamentous fungal DNA barcodes boosts coverage for kingdom fungi and reveals thresholds for fungal species and higher taxon delimitation;Stud. Mycol. 92, 135-154 (2019);29955203;NA
Oculimacula_yallundae_CBS494.80;JF412009;JF412009.1;Oculimacula_yallundae;F;Fungi;Ascomycota;Leotiomycetes;Dermateaceae;Oculimacula;NA;NA;taxon:86028;CBS_494.80;NA;NA;NA;NA;NA;fwd_name: ITS1, fwd_seq: tccgtaggtgaacctgcgg, rev_name: ITS4, rev_seq: tcctccgcttattgatatgc;FALSE;NA;Tsang,A.;ITS sequences from filamentous fungi;Unpublished;NA;NA
Phialophora_bubakii_CBS198.30;MH855111;MH855111.1;Cadophora_bubakii;T;Fungi;Ascomycota;Eurotiomycetes;Chaetothyriales;Herpotrichiellaceae;Phialophora;NA;taxon:91933;CBS_198.30;Czech Republic;NA;NA;NA;NA;NA;FALSE;"CBS sequencing project; Other collections: IMI 024000;NCTC 3273;VKM F-162; Type status: Isotype of Margarinomyces bubakii Laxa";Vu,D., Groenewald,M., de Vries,M., Gehrmann,T., Stielow,B., Eberhardt,U., Al-Hatmi,A., Groenewald,J.Z., Cardinali,G., Houbraken,J., Boekhout,T., Crous,P.W., Robert,V. and Verkley,G.J.M.;Large-scale generation and analysis of filamentous fungal DNA barcodes boosts coverage for kingdom fungi and reveals thresholds for fungal species and higher taxon delimitation;Stud. Mycol. 92, 135-154 (2019);29955203;NA
Phialophora_bubakii_CBS836.69;MH859451;MH859451.1;Cadophora_bubakii;F;Fungi;Ascomycota;Eurotiomycetes;Chaetothyriales;Herpotrichiellaceae;Phialophora;NA;taxon:91933;CBS_836.69;NA;NA;NA;NA;NA;NA;FALSE;"CBS sequencing project; Other collections: MUCL 15515";Vu,D., Groenewald,M., de Vries,M., Gehrmann,T., Stielow,B., Eberhardt,U., Al-Hatmi,A., Groenewald,J.Z., Cardinali,G., Houbraken,J., Boekhout,T., Crous,P.W., Robert,V. and Verkley,G.J.M.;Large-scale generation and analysis of filamentous fungal DNA barcodes boosts coverage for kingdom fungi and reveals thresholds for fungal species and higher taxon delimitation;Stud. Mycol. 92, 135-154 (2019);29955203;NA
Phialophora_bubakii_CBS837.69;MH859452;MH859452.1;Cadophora_bubakii;F;Fungi;Ascomycota;Eurotiomycetes;Chaetothyriales;Herpotrichiellaceae;Phialophora;NA;taxon:91933;CBS_837.69;NA;NA;NA;NA;NA;NA;FALSE;"CBS sequencing project; Other collections: MUCL 15505";Vu,D., Groenewald,M., de Vries,M., Gehrmann,T., Stielow,B., Eberhardt,U., Al-Hatmi,A., Groenewald,J.Z., Cardinali,G., Houbraken,J., Boekhout,T., Crous,P.W., Robert,V. and Verkley,G.J.M.;Large-scale generation and analysis of filamentous fungal DNA barcodes boosts coverage for kingdom fungi and reveals thresholds for fungal species and higher taxon delimitation;Stud. Mycol. 92, 135-154 (2019);29955203;NA
Phialophora_gregata;PGU66731;PGU66731.1;Cadophora_gregata;F;Fungi;Ascomycota;Leotiomycetes;Helotiales incertae sedis;Cadophora;NA;NA;taxon:51156;46906;NA;NA;NA;NA;NA;NA;FALSE;soybean brown stem rot;Chen,W., Gray,L.E. and Grau,C.R.;Molecular Differentiation of Fungi Associated with Brown Stem Rot and Detection of Phialophora gregata in Resistant and Susceptible Soybean Cultivars;Phytopathology 86, 1140-1148 (1996);NA;NA
Rhexocercosporidium_carotae_CBS418.65_TYPE;MH858647;MH858647.1;Rhexocercosporidium_carotae;T;Fungi;Ascomycota;Leotiomycetes;Helotiales incertae sedis;Rhexocercosporidium;NA;NA;taxon:194552;CBS_418.65;Norway;NA;NA;NA;NA;NA;FALSE;"CBS sequencing project; Other collections: ATCC 18513; Type status: Holotype of Acrothecium carota arsvoll";Vu,D., Groenewald,M., de Vries,M., Gehrmann,T., Stielow,B., Eberhardt,U., Al-Hatmi,A., Groenewald,J.Z., Cardinali,G., Houbraken,J., Boekhout,T., Crous,P.W., Robert,V. and Verkley,G.J.M.;Large-scale generation and analysis of filamentous fungal DNA barcodes boosts coverage for kingdom fungi and reveals thresholds for fungal species and higher taxon delimitation;Stud. Mycol. 92, 135-154 (2019);29955203;NA
Rhynchosporium_agropyri_H11;HM627478;HM627478.1;Rhynchosporium_agropyri;F;Fungi;Ascomycota;Leotiomycetes;Helotiales incertae sedis;Rhynchosporium;NA;NA;taxon:914238;H11;NA;NA;NA;NA;NA;NA;FALSE;sequence identified in isolates SA3.2.1.1;Zaffarano,P.L., McDonald,B.A. and Linde,C.C.;Rapid speciation following recent host shifts in the plant pathogenic fungus Rhynchosporium;Evolution 62 (6), 1418-1436 (2008);18384659;NA
Rhynchosporium_agropyri_H7;HM627474;HM627474.1;Rhynchosporium_agropyri;F;Fungi;Ascomycota;Leotiomycetes;Helotiales incertae sedis;Rhynchosporium;NA;NA;taxon:914238;H7;NA;NA;NA;NA;NA;NA;FALSE;sequence identified in isolates K2B.4A1.1, K2B.5A5.1, K3B.3A1.1, K4.5A1, K4.6A1, K5B.1A1.1;Zaffarano,P.L., McDonald,B.A. and Linde,C.C.;Rapid speciation following recent host shifts in the plant pathogenic fungus Rhynchosporium;Evolution 62 (6), 1418-1436 (2008);18384659;NA
Rhynchosporium_commune_H10;HM627462;HM627462.1;Rhynchosporium_commune;F;Fungi;Ascomycota;Leotiomycetes;Helotiales incertae sedis;Rhynchosporium;NA;NA;taxon:914237;H10;NA;NA;NA;NA;NA;NA;FALSE;sequence identified in isolates AUS3A2a, AUS4R13a, AUS4R1a, UK693, UK695;Zaffarano,P.L., McDonald,B.A. and Linde,C.C.;Rapid speciation following recent host shifts in the plant pathogenic fungus Rhynchosporium;Evolution 62 (6), 1418-1436 (2008);18384659;NA
Rhynchosporium_commune_H7;HM627459;HM627459.1;Rhynchosporium_commune;F;Fungi;Ascomycota;Leotiomycetes;Helotiales incertae sedis;Rhynchosporium;NA;NA;taxon:914237;H7;NA;NA;NA;NA;NA;NA;FALSE;sequence identified in isolates ET.T1.4b;Zaffarano,P.L., McDonald,B.A. and Linde,C.C.;Rapid speciation following recent host shifts in the plant pathogenic fungus Rhynchosporium;Evolution 62 (6), 1418-1436 (2008);18384659;NA
Rhynchosporium_commune_H8;HM627460;HM627460.1;Rhynchosporium_commune;F;Fungi;Ascomycota;Leotiomycetes;Helotiales incertae sedis;Rhynchosporium;NA;NA;taxon:914237;H8;NA;NA;NA;NA;NA;NA;FALSE;sequence identified in isolates 99CH5A7a;Zaffarano,P.L., McDonald,B.A. and Linde,C.C.;Rapid speciation following recent host shifts in the plant pathogenic fungus Rhynchosporium;Evolution 62 (6), 1418-1436 (2008);18384659;NA
Rhynchosporium_orthosporum_H2;HM627469;HM627469.1;Rhynchosporium_orthosporum;F;Fungi;Ascomycota;Leotiomycetes;Helotiales incertae sedis;Rhynchosporium;NA;NA;taxon:210010;H2;NA;NA;NA;NA;NA;NA;FALSE;sequence identified in isolates ITA2.2;Zaffarano,P.L., McDonald,B.A. and Linde,C.C.;Rapid speciation following recent host shifts in the plant pathogenic fungus Rhynchosporium;Evolution 62 (6), 1418-1436 (2008);18384659;NA
Rhynchosporium_orthosporum_H3;HM627470;HM627470.1;Rhynchosporium_orthosporum;F;Fungi;Ascomycota;Leotiomycetes;Helotiales incertae sedis;Rhynchosporium;NA;NA;taxon:210010;H3;NA;NA;NA;NA;NA;NA;FALSE;sequence identified in isolates BA2.1.1, BA3.4.2, BA4.1.1, BA5.1.1, BA5.2.1, BA5.3.2;Zaffarano,P.L., McDonald,B.A. and Linde,C.C.;Rapid speciation following recent host shifts in the plant pathogenic fungus Rhynchosporium;Evolution 62 (6), 1418-1436 (2008);18384659;NA
Rhynchosporium_orthosporum_H4;HM627471;HM627471.1;Rhynchosporium_orthosporum;F;Fungi;Ascomycota;Leotiomycetes;Helotiales incertae sedis;Rhynchosporium;NA;NA;taxon:210010;H4;NA;NA;NA;NA;NA;NA;FALSE;sequence identified in isolates ITA1.1, ITA1.3, ITA4.1, ITA5.2, ITA6.1, ITA6.3;Zaffarano,P.L., McDonald,B.A. and Linde,C.C.;Rapid speciation following recent host shifts in the plant pathogenic fungus Rhynchosporium;Evolution 62 (6), 1418-1436 (2008);18384659;NA
Rhynchosporium_secalis_02CH4_6a;KU844333;KU844333.1;Rhynchosporium_secalis;F;Fungi;Ascomycota;Leotiomycetes;Helotiales incertae sedis;Rhynchosporium;NA;NA;taxon:38038;02CH4_6a;Switzerland;NA;Secale cereale;NA;NA;NA;FALSE;NA;Muensterkoetter,M., Felder,M., Taudien,S., Platzer,M., Wenzel,C., Graap,J., Hoffmann,J., Woeltje,N., King,K.M., Fitt,B.D.L., Avrova,A. and Knogge,W.;Comparative genomics of Rhynchosporium species;Unpublished;NA;NA
Varicosporium_elodeae_CCMF_04276;NA;NA;Varicosporium_elodeae;F;NA;NA;NA;NA;NA;NA;NA;NA;CCMF_04276;NA;NA;NA;NA;NA;NA;NA;NA;NA;NA;NA;NA;NA
