isolate;species;type;its;lsu;tef;rpb2;country;collection_site;latitude;longitude;altitude;source;host;collection_date;cma_diam;cma_diam_sd;pda_diam;pda_diam_sd;mea_diam;mea_diam_sd;ncon;ncon_sd;con_len;con_len_sd;con_wid;con_wid_sd;CMA_color_top;CMA_texture_top;CMA_color_bottom;CMA_form;CMA_margin;CMA_color_medium;CMA_aut_inhibition;CMA_elevation;CMA_others;PDA_color_top;PDA_texture_top;PDA_color_bottom;PDA_form;PDA_margin;PDA_color_medium;PDA_aut_inhibition;PDA_elevation;PDA_others;MEA_color_top;MEA_texture_top;MEA_color_bottom;MEA_form;MEA_margin;MEA_color_medium;MEA_aut_inhibition;MEA_elevation;MEA_others;CMA_simp_color;CMA_pigm;PDA_simp_color;PDA_pigm;MEA_simp_color;MEA_pigm;conidiogenesis;conidia_attachment;conidia_type
P1101;Cadophora obovata;F;KT268419;MN339352;MN325858;MN367275;France;F-001;47.41;6.56;285;surface-sterilized, asymptomatic roots;Microthlaspi erraticum;2013-04-19;0.2766666667;0.0461880215;0.5833333333;0.073711148;0.6733333333;0.0808290377;0;0;NA;NA;NA;NA;center light gray, margin dark green;smooth;dark green;circular;entire;0;0;flat;NA;center gray, margin brown;velvety;brown;circular;entire;0;0;raised;NA;light gray;floccose;dark red;circular;filiform;0;0;flat;NA;gray;1;gray;2;gray;1;holoblastic;single;nonseptate
P1162;Mycochaetophora sp.;F;KT268479;MN339353;MN339531;MN367228;France;F-001;47.41;6.56;285;surface-sterilized, asymptomatic roots;Microthlaspi erraticum;2013-04-19;0.42;0;0.4533333333;0.04163332;0.34;0.0173205081;0;0;NA;NA;NA;NA;light gray;smooth;dark green;circular;entire;0;0;flat;NA;center light gray, margin green;velvety;light gray;circular;entire;0;0;flat;NA;light gray/light purple;smooth;light gray;circular;entire;0;0;raised;NA;gray;1;gray;1;gray;1;NA;NA;NA
P1176;Cadophora variabilis;T;KT268493;MK539845;MK550890;MN367276;Croatia;HR-023;44.24;15.54;760;surface-sterilized, asymptomatic roots;Microthlaspi perfoliatum;2013-05-04;0.21;0.0173205081;0.23;0.0173205081;0.13;0.0346410162;368.4;638.0875175084;16;NA;7.25;NA;dark brown;velvety;dark brown;circular;entire;0;0;flat;NA;center light brown, margin dark brown;velvety;dark brown;circular;entire;0;0;raised;NA;light brown;smooth;brown;circular;entire;0;0;convex;NA;brown;3;brown;1;brown;1;holoblastic;chains;nonseptate
P1280;Cadophora sp. 3;F;KT268575;MN339354;MN325859;NA;Spain;ES-002;38.05;-2.54;1612;surface-sterilized, asymptomatic roots;Microthlaspi perfoliatum;2013-05-02;0.1111111111;0.0962250449;0.0277777778;0.0481125224;0.1666666667;0;NA;NA;NA;NA;NA;NA;light cream;floccose;white;circular;entire;0;0;flat;NA;white/creamy;floccose;creamy;circular;entire;0;0;raised;NA;white/creamy;floccose;light brown;circular;filiform;0;0;flat;NA;cream;1;white;1;white;1;NA;NA;NA
P1281;Cadophora sp. 3;F;KT268576;NA;NA;NA;Spain;ES-002;38.05;-2.54;1612;surface-sterilized, asymptomatic roots;Microthlaspi perfoliatum;2013-05-02;0.0555555556;0.0962250449;0.0277777778;0.0481125224;0.1666666667;0;NA;NA;NA;NA;NA;NA;light cream;floccose;white;circular;entire;0;0;flat;NA;white/creamy;floccose;creamy;circular;entire;0;0;raised;NA;white/creamy;floccose;light brown;circular;filiform;0;0;flat;NA;cream;1;white;1;white;1;NA;NA;NA
P1313;Cadophora cf. meredithiae;F;KT268608;MN339355;MN325860;MN367229;Spain;ES-001;38.04;-2.48;1630;surface-sterilized, asymptomatic roots;Microthlaspi perfoliatum;2013-05-02;0.73;0.1113552873;0.83;0;0.74;0.0346410162;50104.3333333333;9967.6485292838;5.499;0.7194666234;2.267;0.4833459768;center dark green, margin white;velvety;dark green;circular;entire;0;1;flat;NA;dark gray/green;velvety;dark gray;circular;entire;0;0;flat;NA;gray;floccose;gray;circular;entire;0;0;flat;NA;green;3;gray;3;gray;2;phialidic;heads;nonseptate
P1323;Cadophora ferruginea;T;KT268618;MN339356;MN325861;NA;Spain;ES-001;38.04;-2.48;1630;surface-sterilized, asymptomatic roots;Microthlaspi perfoliatum;2013-05-02;0.48;0.1410673598;0.4433333333;0.0251661148;0.53;0.03;93577.2;27170.3974632319;3.307;0.4788191493;2.351;0.3053031281;light gray/back;velvety;dark gray;circular;entire;0;0;flat;NA;red/wine;velvety;dark red;irregular;entire;1;0;flat;NA;red/wine;hairy;dark red;circular;entire;1;0;raised;NA;gray;1;red;1;red;1;phialidic;single;nonseptate
P1331;Cadophora variabilis;F;KT268626;MK539836;MK550891;MN367230;Spain;ES-001;38.04;-2.48;1630;surface-sterilized, asymptomatic roots;Microthlaspi perfoliatum;2013-05-02;0.22;0;0.22;0;0.16;0.0173205081;0;0;NA;NA;NA;NA;center dark gray black, margin white;velvety;gray;circular;entire;0;0;umbonate;NA;light pink/gray;velvety;dark pink;circular;entire;0;0;raised;NA;light pink;smooth;light brown;circular;entire;0;0;raised;NA;black;3;pink;1;pink;1;holoblastic;chains;nonseptate
P1344;Cadophora sp. 2;F;KT268639;MN339357;MN325862;MN367297;Spain;ES-002;38.05;-2.54;1612;surface-sterilized, asymptomatic roots;Microthlaspi perfoliatum;2013-05-02;0.4066666667;0.0288675135;0.4266666667;0.0404145188;0.4433333333;0.0251661148;0;0;NA;NA;NA;NA;dark gray/green;velvety;dark gray;circular;entire;0;0;raised;NA;gray;velvety;dark gray;circular;entire;0;0;umbonate;NA;gray;floccose;dark gray;circular;entire;0;0;raised;NA;gray;3;gray;2;gray;2;NA;NA;NA
P1348;Cadophora sp. 2;F;KT268643;MN339358;MN325863;MN367277;Spain;ES-002;38.05;-2.54;1612;surface-sterilized, asymptomatic roots;Microthlaspi perfoliatum;2013-05-02;0.44;0;0.39;0;0.47;0.03;0;0;NA;NA;NA;NA;dark gray/green;velvety;dark gray;circular;entire;0;0;raised;NA;gray;velvety;dark gray;circular;entire;0;0;umbonate;NA;gray;floccose;dark gray;circular;entire;0;0;raised;NA;gray;3;gray;2;gray;2;NA;NA;NA
P1381;Cadophora luteo-olivacea;F;KT268676;MN339359;MN325864;MN367231;Spain;ES-001;38.04;-2.48;1630;surface-sterilized, asymptomatic roots;Microthlaspi perfoliatum;2013-05-02;0.7033333333;0.1137248141;0.86;0.0519615242;0.76;0.0458257569;645461.7;248178.067601611;4.736;1.2840404978;2.261;0.2436960767;light green;smooth;white/green;circular;entire;0;0;flat;faster growth towards other colonies;dark green/yellow;smooth;dark green;circular;filamentous;0;1;flat;NA;light brown/yellow;wrinkled;light brown/yellow;circular;filiform;0;1;flat;dark color in autoinhibition zone;green;1;green;3;brown;1;phialidic;single;nonseptate
P1396;Cadophora cf. interclivum;F;KT268691;MN339360;MN325865;MN367278;Spain;ES-001;38.04;-2.48;1630;surface-sterilized, asymptomatic roots;Microthlaspi perfoliatum;2013-05-02;0.8066666667;0.2196208855;0.6766666667;0.0907377173;0.52;0.0692820323;188628.066666667;111658.676581148;4.338;0.3905210195;2.612;0.4080250537;dark olive;smooth;dark gray;circular;entire;0;0;flat;NA;gray/dark olive;velvety;dark green;circular;entire;0;0;flat;NA;center gray, margin cream;smooth;creamy/gray;filamentous;filiform;0;0;flat;NA;green;3;green;3;gray;2;phialidic;heads;nonseptate
P1442;Cadophora cf. meredithiae 2;F;KT268736;MN339361;MN325866;MN367232;Spain;ES-002;38.05;-2.54;1612;surface-sterilized, asymptomatic roots;Microthlaspi perfoliatum;2013-05-02;0.78;0.03;0.6666666667;0.0550757055;0.65;0.0346410162;14736.5333333333;3190.5530575957;4.642;0.6778200351;2.911;0.4660817763;center gray/green, margin white;smooth;white/dark gray;circular;entire;0;1;flat;NA;gray/dark olive;velvety;dark gray;circular;entire;0;0;raised;NA;gray/dark olive;smooth;dark gray;circular;entire;0;0;raised;NA;gray;2;green;3;green;3;NA;NA;NA
P1443;Cadophora sp. 4;F;KT268737;NA;NA;NA;Spain;ES-001;38.04;-2.48;1630;surface-sterilized, asymptomatic roots;Microthlaspi perfoliatum;2013-05-02;NA;NA;NA;NA;NA;NA;NA;NA;NA;NA;NA;NA;NA;NA;NA;NA;NA;NA;NA;NA;NA;NA;NA;NA;NA;NA;NA;NA;NA;NA;NA;NA;NA;NA;NA;NA;NA;NA;NA;NA;NA;NA;NA;NA;NA;NA;NA;NA
P1450;Cadophora cf. interclivum;F;KT268744;MN339362;MN325867;MN367233;Spain;ES-001;38.04;-2.48;1630;surface-sterilized, asymptomatic roots;Microthlaspi perfoliatum;2013-05-02;0.8166666667;0.0115470054;0.9166666667;0.073711148;0.87;0.0655743852;126734.5;61679.4279166887;6.286;1.6332462562;2.858;0.4135429576;light gray/dark green;floccose;white/dark green;circular;entire;0;1;flat;NA;gray/dark olive;velvety;dark gray;circular;entire;0;0;raised;NA;gray/dark olive;floccose;dark gray;circular;entire;0;0;raised;NA;green;1;green;3;green;3;phialidic;heads;nonseptate
P1451;Cadophora cf. interclivum;F;KT268745;MN339363;MN325868;MN367279;Spain;ES-001;38.04;-2.48;1630;surface-sterilized, asymptomatic roots;Microthlaspi perfoliatum;2013-05-02;0.6933333333;0.0251661148;0.8333333333;0.0251661148;0.5466666667;0.0709459888;10315.6;2781.4583459042;4.795;1.1151407485;2.787;0.3232491299;dark green/black;floccose;black;circular;entire;0;1;flat;NA;gray/dark olive;velvety;dark gray;circular;entire;0;0;raised;NA;gray/dark olive;floccose;dark gray;circular;entire;0;0;raised;NA;green;3;green;3;green;3;phialidic;heads;nonseptate
P1518;Cadophora echinata;F;KT268812;MN339364;MN325869;MN367234;Croatia;HR-025;44.46;15.4;755;surface-sterilized, asymptomatic roots;Microthlaspi erraticum;2013-05-04;0.35;0.0346410162;0.36;0.03;0.4533333333;0.056862407;0;0;NA;NA;NA;NA;center gray, margin brown;velvety;brown;circular;undulate;0;0;raised;NA;creamy/gray;velvety;creamy;circular;entire;0;0;flat;NA;gray;smooth;dark gray;circular;entire;0;0;raised;NA;gray;2;gray;1;gray;2;holoblastic;chains;septate
P1572;Cadophora cf. interclivum;F;KT268866;MN339365;MN325870;MN367293;Spain;ES-010;42.81;-4.25;1055;surface-sterilized, asymptomatic roots;Microthlaspi perfoliatum;2013-05-16;0.65;0.0346410162;0.55;0.0173205081;0.6266666667;0.056862407;2947.3;2781.4583459042;5.75;0.2455605832;3.46;0.5586591089;gray/dark olive;floccose;dark green;circular;entire;0;0;flat;NA;gray/dark olive;velvety;dark gray;irregular;entire;0;0;raised;NA;gray/dark olive;smooth;dark gray;circular;entire;0;0;raised;NA;green;3;green;3;green;3;phialidic;heads;nonseptate
P1615;Cadophora cf. orchidicola;F;KT268888;MN339366;MN325871;MN367235;Bulgaria;BG-014;42.59;22.72;711;surface-sterilized, asymptomatic roots;Microthlaspi erraticum;2013-05-14;0.6766666667;0.0404145188;0.9066666667;0.1844812547;0.6366666667;0.0461880215;27262.6666666667;24845.4477162987;6.185;1.5351818568;3.357;0.4820338854;white/dark olive;smooth;dark green;circular;entire;1;1;flat;NA;gray/dark olive;velvety;dark gray;circular;entire;0;0;raised;NA;gray/dark olive;floccose;dark gray;circular;entire;0;0;raised;NA;green;3;green;3;green;3;phialidic;single;nonseptate
P1686;Cadophora cf. interclivum;F;KT268959;MN339367;MN325872;NA;Bulgaria;BG-010;42.7;22.83;770;surface-sterilized, asymptomatic roots;Microthlaspi erraticum;2013-05-14;0.6;0.0173205081;0.63;0.0655743852;0.63;0.0173205081;165417.966666667;38767.6148073793;5.49;1.286468033;2.684;0.444002002;white/dark olive;smooth;transparent;circular;entire;1;1;flat;NA;gray/dark olive;velvety;dark gray;circular;entire;0;0;raised;NA;gray/dark olive;floccose;dark gray;circular;entire;0;0;raised;NA;green;3;green;3;green;3;phialidic;heads;nonseptate
P1749;Cadophora constrictospora;F;KT269021;MN339368;MN325873;NA;Bulgaria;BG-011;42.67;22.84;740;surface-sterilized, asymptomatic roots;Microthlaspi sp.;2013-05-14;0.88;0.0871779789;0.7966666667;0.0709459888;0.8966666667;0.0585946528;1473.6666666667;2552.4655400873;6.135;3.6368347043;3.3975;0.3808214805;transparent/white;smooth;transparent;circular;entire;1;1;flat;NA;dark green/black;wrinkled;dark green;circular;entire;0;1;flat;NA;gray/dark olive;hairy;gray;circular;entire;0;0;flat;NA;white;0;green;3;green;3;phialidic;heads;nonseptate
P1751;Cadophora constrictospora;T;KT269023;MN339369;MN325874;MN367280;Bulgaria;BG-011;42.67;22.84;740;surface-sterilized, asymptomatic roots;Microthlaspi sp.;2013-05-14;0.87;0.0173205081;0.8333333333;0.0461880215;NA;NA;16578.6666666667;7970.0156244096;5.1828571429;2.9868473585;2.4871428571;0.4793646589;center dark gray, margin transparent;smooth;center dark gray, margin transparent;circular;entire;1;1;flat;dark inhibition zone;dark green/black;wrinkled;dark green;circular;entire;0;1;flat;NA;creamy;smooth;creamy;irregular;filiform;0;0;flat;NA;gray;3;green;3;cream;1;phialidic;heads;nonseptate
P1772;Cadophora sp. 4;F;KT269044;MN339370;MN325875;MN367236;Bulgaria;BG-013;42.63;22.73;837;surface-sterilized, asymptomatic roots;Microthlaspi perfoliatum;2013-05-14;0.3133333333;0.056862407;0.2233333333;0.0461880215;0.24;0.0346410162;610830.8;58914.0430568977;4.145;0.6706091758;2.582;0.3632813418;white/creamy;wrinkled;creamy;irregular;entire;0;0;flat;NA;creamy;wrinkled;creamy;circular;entire;0;0;raised;NA;creamy;wrinkled;creamy;irregular;entire;0;0;raised;NA;white;1;cream;1;cream;1;NA;NA;NA
P1823;Cadophora echinata;F;KT269095;MN339371;MN325876;MN367281;Bulgaria;BG-015;42.57;22.69;685;surface-sterilized, asymptomatic roots;Microthlaspi erraticum;2013-05-14;0.3533333333;0.0404145188;0.3533333333;0.0404145188;0.38;0.0173205081;0;0;NA;NA;NA;NA;center brown, margin clear;velvety;brown;circular;entire;0;0;flat;NA;light cream/gray;velvety;dark gray;circular;entire;0;0;raised;NA;granate/light brown;smooth;light brown;circular;entire;0;0;raised;NA;brown;2;cream;1;red;1;holoblastic;chains;septate
P1850;Cadophora cf. interclivum;F;KT269121;MN339372;MN325877;MN367237;Bulgaria;BG-010;42.7;22.83;770;surface-sterilized, asymptomatic roots;Microthlaspi erraticum;2013-05-14;0.8166666667;0.0702376917;0.64;0.03;0.6833333333;0.0115470054;0;0;NA;NA;NA;NA;gray/dark olive;velvety;dark gray;circular;entire;1;1;flat;NA;gray/dark olive;velvety;dark gray/green;circular;entire;0;0;raised;NA;gray/dark olive;floccose;dark gray;circular;entire;0;0;raised;NA;green;3;green;3;green;3;phialidic;heads;nonseptate
P1854;Cadophora cf. orchidicola;F;KT269125;MN339373;MN325878;MN367238;Bulgaria;BG-010;42.7;22.83;770;surface-sterilized, asymptomatic roots;Microthlaspi erraticum;2013-05-14;0.96;0.0173205081;1.04;0.0173205081;0.9433333333;0.0461880215;0;0;NA;NA;NA;NA;gray/dark olive;velvety;dark gray;circular;entire;1;1;flat;NA;dark green/black;smooth;black;circular;filamentous;0;1;crateriform;NA;light gray;floccose;dark gray;circular;filiform;0;1;flat;dark color in autoinhibition zone;green;3;green;3;gray;1;phialidic;single;nonseptate
P1866;Cadophora cf. interclivum;F;KT269135;MN339374;MN325879;MN367239;Bulgaria;BG-010;42.7;22.83;770;surface-sterilized, asymptomatic roots;Microthlaspi erraticum;2013-05-14;0.84;0.0173205081;0.86;0.0519615242;0.75;0.0519615242;136681.7;43895.4073676279;4.15;0.9063725013;2.853;0.3291082227;gray/dark olive;velvety;dark gray;circular;entire;1;1;flat;NA;gray/dark olive;velvety;gray/dark green;circular;entire;0;0;raised;NA;gray/dark olive;floccose;dark gray;circular;entire;0;1;raised;NA;green;3;green;3;green;3;phialidic;heads;nonseptate
P1893;Cadophora cf. orchidicola;F;KT269162;MN339375;MN325880;MN367282;Bulgaria;BG-010;42.7;22.83;770;surface-sterilized, asymptomatic roots;Microthlaspi erraticum;2013-05-14;0.6866666667;0.0288675135;0.7433333333;0.0907377173;0.74;0.0346410162;0;0;NA;NA;NA;NA;gray/dark olive;velvety;dark gray;circular;entire;1;1;flat;NA;white/green;floccose;creamy;circular;entire;0;1;flat;NA;white/creamy;floccose;dark brown;circular;entire;0;1;flat;dark color in autoinhibition zone;green;3;green;1;white;1;phialidic;single;nonseptate
P1900;Cadophora cf. interclivum;F;KT269169;MN339376;MN325881;MN367240;Bulgaria;BG-015;42.57;22.69;685;surface-sterilized, asymptomatic roots;Microthlaspi erraticum;2013-05-14;0.86;0.03;0.8133333333;0.0288675135;0.86;0.03;13999.7333333333;13185.9393257869;4.253;0.7732047307;2.982;0.4463132931;gray/dark olive;velvety;dark gray;circular;entire;1;1;flat;NA;gray/dark olive;velvety;gray/dark green;circular;entire;0;0;flat;NA;gray/dark olive;floccose;dark gray;circular;entire;0;0;flat;NA;green;3;green;3;green;3;phialidic;heads;nonseptate
P1909;Cadophora cf. orchidicola;F;KT269178;MN339377;NA;MN367241;Bulgaria;BG-010;42.7;22.83;770;surface-sterilized, asymptomatic roots;Microthlaspi erraticum;2013-05-14;NA;NA;NA;NA;NA;NA;NA;NA;NA;NA;NA;NA;NA;NA;NA;NA;NA;NA;NA;NA;NA;NA;NA;NA;NA;NA;NA;NA;NA;NA;NA;NA;NA;NA;NA;NA;NA;NA;NA;NA;NA;NA;NA;NA;NA;phialidic;single;nonseptate
P1924;Cadophora cf. orchidicola;F;KT269192;MN339378;MN325882;MN367242;Germany;D-11b;50.37;7.22;504;surface-sterilized, asymptomatic roots;Microthlaspi erraticum;2013-05-09;0.78;0.03;0.75;0.03;0.9166666667;0.0923760431;0;0;NA;NA;NA;NA;gray/dark olive;velvety;gray/dark green;circular;entire;1;1;flat;NA;red/wine;smooth;dark brown;circular;entire;0;0;flat;NA;granate/light gray;floccose;dark red;circular;entire;0;0;raised;NA;green;3;red;1;red;1;phialidic;single;nonseptate
P1935;Cadophora sp. 4;F;KT269202;MN339379;MN325883;MN367243;Germany;D-11b;50.37;7.22;504;surface-sterilized, asymptomatic roots;Microthlaspi erraticum;2013-05-09;0.6033333333;0.0585946528;0.4166666667;0.1266227994;0.4;0.1153256259;0;0;NA;NA;NA;NA;dark olive/transparent;velvety;dark green/transparent;irregular;entire;0;0;raised;NA;dark gray;velvety;gray/green;circular;entire;0;0;raised;NA;gray;smooth;gray;circular;entire;0;0;raised;NA;green;3;gray;3;gray;2;NA;NA;NA
P1940;Cadophora cf. orchidicola;F;KT269207;MN339380;MN325884;MN367244;Germany;D-11b;50.37;7.22;504;surface-sterilized, asymptomatic roots;Microthlaspi erraticum;2013-05-09;0.86;0.03;0.75;0;0.9233333333;0.0808290377;0;0;NA;NA;NA;NA;white/yellow;smooth;white/yellow;circular;entire;1;1;flat;dark inhibition zone;dark brown/yellow;smooth;pale/brown;circular;entire;0;1;flat;NA;gray/dark olive;floccose;dark gray;circular;entire;0;0;raised;NA;yellow;1;brown;3;green;3;phialidic;single;nonseptate
P1944;Cadophora cf. interclivum;F;KT269211;MN339381;MN325885;MN367294;Germany;D-11a;50.37;7.22;504;surface-sterilized, asymptomatic roots;Microthlaspi erraticum;2013-05-09;0.79;0.0346410162;0.9133333333;0.0461880215;0.8533333333;0.0404145188;89156.2666666667;21947.7217287657;4.915;0.3466426274;2.917;0.4044763418;gray/dark olive;velvety;dark green/black;circular;entire;0;1;flat;NA;gray/dark olive;velvety;dark gray/green;circular;entire;0;0;flat;NA;gray/dark olive;floccose;dark gray;circular;entire;0;1;raised;NA;green;3;green;3;green;3;phialidic;heads;nonseptate
P1950;Cadophora sp. 4;F;KT269217;MN339382;MN325886;MN367245;Germany;D-11b;50.37;7.22;504;surface-sterilized, asymptomatic roots;Microthlaspi erraticum;2013-05-09;0.4066666667;0.0288675135;0.39;0;0.2766666667;0.0550757055;0;0;NA;NA;NA;NA;dark olive;smooth;dark green;circular;entire;0;0;flat;NA;light gray;wrinkled;gray;circular;entire;0;0;flat;NA;light/dark brown;smooth;gray;circular;entire;0;0;raised;NA;green;3;gray;1;brown;2;NA;NA;NA
P1959;Cadophora cf. orchidicola;F;KT269226;MN339383;MN325887;NA;Germany;D-11b;50.37;7.22;504;surface-sterilized, asymptomatic roots;Microthlaspi erraticum;2013-05-09;0.89;0;0.8633333333;0.073711148;1.02;0.0173205081;0;0;NA;NA;NA;NA;center dark olive, margin transparent;smooth;center dark gray, margin transparent;circular;entire;0;1;flat;NA;dark green/black;smooth;dark green;circular;entire;0;0;flat;NA;light gray;smooth;dark gray;circular;entire;0;1;flat;NA;green;3;green;3;gray;1;phialidic;single;nonseptate
P1963;Cadophora obovata;T;KT269230;MN339384;MN325888;MN367298;Germany;D-11a;50.37;7.22;504;surface-sterilized, asymptomatic roots;Microthlaspi erraticum;2013-05-09;0.3066666667;0.0251661148;0.71;0.0173205081;0.8966666667;0.0404145188;0;0;7;NA;4.75;NA;light gray/dark olive;velvety;black;circular;entire;0;0;flat;NA;center light gray, margin black;velvety;dark green;circular;entire;0;0;raised;NA;light gray;floccose;dark brown;circular;entire;0;1;raised;NA;green;1;gray;1;gray;1;holoblastic;single;nonseptate
P1973;Cadophora cf. orchidicola;F;KT269240;MN339385;MN325889;MN367283;Germany;D-11a;50.37;7.22;504;surface-sterilized, asymptomatic roots;Microthlaspi erraticum;2013-05-09;0.65;0.0346410162;0.6566666667;0.056862407;0.59;0.0173205081;0;0;NA;NA;NA;NA;gray/dark olive;smooth;gray/dark green;circular;entire;0;1;flat;NA;white/green;velvety;white/green;circular;entire;0;0;flat;NA;gray/dark olive;wrinkled;dark gray;circular;undulate;0;0;flat;NA;green;3;green;1;green;3;phialidic;single;nonseptate
P1974;Cadophora cf. orchidicola;F;KT269241;NA;NA;NA;Germany;D-11a;50.37;7.22;504;surface-sterilized, asymptomatic roots;Microthlaspi erraticum;2013-05-09;NA;NA;NA;NA;NA;NA;NA;NA;NA;NA;NA;NA;gray/dark olive;smooth;dark green/black;circular;entire;0;0;flat;NA;center light gray, margin black;floccose;dark brown/black;circular;entire;0;0;raised;NA;center gray, margin granate;floccose;dark gray;circular;entire;0;1;raised;NA;green;3;gray;1;gray;2;phialidic;single;nonseptate
P1978;Cadophora obovata;F;KT269245;MN339386;MN325890;NA;Germany;D-11a;50.37;7.22;504;surface-sterilized, asymptomatic roots;Microthlaspi erraticum;2013-05-09;0.2666666667;0.0709459888;0.9166666667;0.1026320288;1.04;0.0346410162;0;0;NA;NA;NA;NA;white/transparent;smooth;creamy;circular;entire;0;1;flat;NA;center wine, margin black;floccose;black;circular;entire;0;1;flat;NA;creamy/dark green;floccose;dark gray;circular;entire;0;1;flat;NA;white;0;red;2;green;2;holoblastic;single;nonseptate
P1984;Cadophora constrictospora;F;KT269251;MN339387;MN325891;MN367284;Germany;D-11a;50.37;7.22;504;surface-sterilized, asymptomatic roots;Microthlaspi erraticum;2013-05-09;0.9533333333;0.0709459888;1.03;0.03;1.01;0.0173205081;736.8;638.0875175084;7.1025;2.1099980253;2.5875;0.3063086678;gray/dark olive;velvety;dark green;circular;entire;0;0;flat;NA;center light gray, margin wine;floccose;dark brown;circular;lobate;0;1;raised;NA;gray;floccose;dark red;circular;filiform;1;1;raised;NA;green;3;gray;1;gray;2;phialidic;heads;nonseptate
P1992;Cadophora obovata;F;KT269259;NA;NA;NA;Germany;D-11a;50.37;7.22;504;surface-sterilized, asymptomatic roots;Microthlaspi erraticum;2013-05-09;0.3133333333;0.056862407;0.8266666667;0.0288675135;0.9566666667;0.1270170592;1105.2333333333;1914.320287552;6.145;1.7757336512;3.07;0.373202358;NA;NA;NA;NA;NA;NA;NA;NA;NA;NA;NA;NA;NA;NA;NA;NA;NA;NA;NA;NA;NA;NA;NA;NA;NA;NA;NA;NA;NA;NA;NA;NA;NA;holoblastic;single;nonseptate
P1993;Cadophora sp. 4;F;KT269260;MN339388;MN325892;MN367246;Germany;D-11a;50.37;7.22;504;surface-sterilized, asymptomatic roots;Microthlaspi erraticum;2013-05-09;0.14;0.03;0.14;0;0.1666666667;0.0850490055;0;0;NA;NA;NA;NA;center black, margin white;smooth;dark gray;circular;entire;0;0;raised;NA;light pink/gray;velvety;light brown;circular;entire;0;0;raised;NA;gray;smooth;creamy;circular;entire;0;0;raised;NA;black;3;pink;1;gray;2;NA;NA;NA
P2010;Cadophora cf. orchidicola;F;KT269273;MN339389;MN325893;NA;France;F-023;44.49;5.44;1095;surface-sterilized, asymptomatic roots;Microthlaspi perfoliatum;2013-05-08;0.64;0.03;0.7666666667;0.0709459888;0.7866666667;0.0873689495;0;0;NA;NA;NA;NA;white/green;smooth;white/green;circular;entire;0;1;flat;NA;dark green/black;floccose;dark green;circular;entire;0;0;flat;NA;gray/dark olive;floccose;dark gray;circular;entire;0;0;raised;NA;green;1;green;3;green;3;phialidic;single;nonseptate
P2092;Cadophora luteo-olivacea;F;KT269355;MN339390;MN325894;MN367247;France;F-010;47.2;5.43;198;surface-sterilized, asymptomatic roots;Microthlaspi erraticum;2013-05-04;NA;NA;0.8033333333;0.073711148;NA;NA;168365.3;51037.0433417728;6.266;0.6398819336;2.555;0.2550490149;center black, margin white;smooth;white/black;circular;entire;0;1;flat;NA;dark green/black;smooth;dark green;circular;entire;0;0;flat;NA;gray/dark olive;floccose;dark gray;circular;entire;0;0;raised;NA;black;3;green;3;green;3;phialidic;single;nonseptate
P2118;Cadophora cf. orchidicola;F;KT269381;MN339391;MN325895;MN367248;France;F-023;44.49;5.44;1095;surface-sterilized, asymptomatic roots;Microthlaspi perfoliatum;2013-05-08;0.6766666667;0.0404145188;0.8133333333;0.0288675135;0.7333333333;0.056862407;0;0;NA;NA;NA;NA;yellow/green;smooth;yellow/green;circular;entire;0;1;flat;NA;dark green/brown;smooth;green/brown;circular;entire;0;0;flat;NA;gray/dark olive;floccose;dark gray;circular;entire;0;1;raised;NA;yellow;1;green;3;green;3;phialidic;single;nonseptate
P2166;Cadophora constrictospora;F;KT269429;MN339392;MN325896;MN367249;France;F-024;44.5;5.42;734;surface-sterilized, asymptomatic roots;Microthlaspi erraticum;2013-05-08;0.8066666667;0.0251661148;0.6733333333;0.086216781;0.9333333333;0.0115470054;10315.5666666667;12323.9892203512;5.761;1.0646590482;2.912;0.2046025958;white/dark olive;smooth;white/dark green;circular;entire;0;1;flat;NA;dark brown/black;floccose;dark gray/black;circular;lobate;0;0;raised;NA;gray/dark olive;hairy;dark gray;circular;entire;0;0;flat;NA;green;3;brown;3;green;3;phialidic;heads;nonseptate
P2298;Cadophora sp. 4;F;KT269534;NA;NA;NA;France;F-015;46.41;0.22;112;surface-sterilized, asymptomatic roots;Microthlaspi perfoliatum;2013-05-05;0.3133333333;0.1844812547;NA;NA;NA;NA;0;0;NA;NA;NA;NA;center dark gray black, margin white;velvety;white/black;circular;entire;0;0;flat;NA;center brown, margin dark brown;velvety;dark brown;circular;entire;0;0;flat;NA;light gray;smooth;light brown;circular;entire;0;0;raised;NA;black;3;brown;2;gray;1;NA;NA;NA
P2323;Cadophora echinata;F;KT269559;MN339393;MN325897;NA;Bulgaria;BG-015;42.57;22.69;685;surface-sterilized, asymptomatic roots;Microthlaspi erraticum;2013-05-14;0.45;0.0173205081;0.3133333333;0.0288675135;0.44;0;0;0;NA;NA;NA;NA;dark green;velvety;dark green;circular;entire;0;0;flat;NA;center gray, margin pink;velvety;creamy;circular;entire;0;0;flat;NA;gray;smooth;dark gray;circular;entire;0;0;raised;NA;green;3;gray;2;gray;2;holoblastic;chains;septate
P2414;Cadophora constrictospora;F;KT269647;MN339394;MN325898;MN367250;France;F-024;44.5;5.42;734;surface-sterilized, asymptomatic roots;Microthlaspi erraticum;2013-05-08;0.4133333333;0.0461880215;0.49;0.0818535277;0.8533333333;0.0907377173;12526.0666666667;12569.3383494651;7.575;0.8639347969;3.397;0.4874206488;light gray/dark green;velvety;dark green;circular;entire;0;0;flat;NA;center gray, margin dark brown;velvety;dark brown;circular;lobate;1;0;raised;NA;center light gray, margin brown;floccose;dark brown;circular;filiform;0;0;flat;NA;green;1;gray;2;gray;1;phialidic;heads;nonseptate
P2437;Cadophora gamsii;T;KT269668;NA;MN325899;MN367272;France;F-007;47.11;6.07;543;surface-sterilized, asymptomatic roots;Microthlaspi erraticum;2013-05-04;0.37;0.0458257569;0.28;0;0.37;0.0458257569;0;0;NA;NA;NA;NA;gray/dark olive;velvety;gray/dark green;circular;entire;0;0;raised;NA;center light gray, margin white;velvety;light gray;irregular;entire;0;0;raised;NA;creamy;smooth;gray;circular;entire;0;0;raised;NA;green;3;gray;1;cream;1;NA;NA;NA
P2440;Cadophora gamsii;F;KT269671;MN339395;MN325900;MN367251;France;F-007;47.11;6.07;543;surface-sterilized, asymptomatic roots;Microthlaspi erraticum;2013-05-04;0.4133333333;0.073711148;0.3166666667;0.0115470054;0.25;0.03;0;0;NA;NA;NA;NA;gray/dark olive;velvety;gray/dark green;circular;entire;0;0;flat;NA;center light gray, margin white;velvety;light gray;irregular;entire;0;0;raised;NA;gray;smooth;pale;circular;entire;0;0;umbonate;drops of brown-gold liquid on top;green;3;gray;1;gray;2;NA;NA;NA
P2450;Cadophora cf. interclivum;F;KT269681;NA;NA;NA;France;F-011;47.32;4.6;446;surface-sterilized, asymptomatic roots;Microthlaspi perfoliatum;2013-05-04;0.75;0.0519615242;0.8133333333;0.0288675135;0.77;0.0458257569;227311.533333333;26671.2526562464;5.3;1.6390783318;2.915;0.4099932249;gray/dark olive;floccose;dark gray;circular;entire;0;1;flat;NA;gray/dark olive;floccose;gray/dark green;circular;entire;0;0;flat;NA;gray/dark olive;floccose;dark gray;circular;entire;0;0;raised;NA;green;3;green;3;green;3;phialidic;heads;nonseptate
P2477;Cadophora cf. orchidicola;F;KT269707;MN339396;MN325901;MN367252;Spain;ES-010;42.81;-4.25;1055;surface-sterilized, asymptomatic roots;Microthlaspi perfoliatum;2013-05-16;0.6833333333;0.0115470054;0.86;0.03;0.6933333333;0.0251661148;0;0;NA;NA;NA;NA;gray/dark olive;floccose;dark green;circular;entire;0;1;flat;NA;white/dark green;smooth;white/dark green;circular;entire;0;1;flat;NA;gray/dark olive;floccose;dark gray;circular;entire;0;0;raised;NA;green;3;green;3;green;3;phialidic;single;nonseptate
P2482;Cadophora cf. orchidicola;F;KT269711;MN339397;MN325902;MN367253;Spain;ES-010;42.81;-4.25;1055;surface-sterilized, asymptomatic roots;Microthlaspi perfoliatum;2013-05-16;0.75;0.03;0.84;0.0173205081;0.86;0.03;0;0;NA;NA;NA;NA;gray/dark olive;floccose;dark green;circular;entire;0;1;flat;NA;dark green;floccose;dark green;circular;entire;0;1;flat;NA;gray/dark olive;smooth;gray;circular;entire;0;0;flat;NA;green;3;green;3;green;3;phialidic;single;nonseptate
P2485;Cadophora cf. orchidicola;F;KT269714;MN339398;MN325903;MN367254;Spain;ES-010;42.81;-4.25;1055;surface-sterilized, asymptomatic roots;Microthlaspi perfoliatum;2013-05-16;0.5933333333;0.0288675135;0.49;0.06244998;0.3233333333;0.0404145188;0;0;NA;NA;NA;NA;center white, margin dark green;smooth;center dark green, margin transparent;circular;entire;0;1;flat;NA;gray/dark olive;velvety;dark green;circular;entire;0;0;flat;NA;center gray, margin pale;wrinkled;dark gray;circular;filiform;0;0;flat;NA;white;0;green;3;gray;2;phialidic;single;nonseptate
P2500;Cadophora cf. orchidicola;F;KT269729;MN339399;MN325904;MN367255;Spain;ES-010;42.81;-4.25;1055;surface-sterilized, asymptomatic roots;Microthlaspi perfoliatum;2013-05-16;0.7966666667;0.0288675135;0.7766666667;0.0550757055;0.6866666667;0.0288675135;0;0;NA;NA;NA;NA;gray/dark olive;velvety;dark gray;circular;entire;0;1;flat;NA;light gray/brown;velvety;dark brown;circular;entire;0;1;flat;dark spots in the center;pink;smooth;dark red;circular;filiform;0;0;flat;NA;green;3;gray;1;pink;1;phialidic;single;nonseptate
P2509;Cadophora cf. orchidicola;F;KT269738;MN339400;MN325905;MN367256;Spain;ES-010;42.81;-4.25;1055;surface-sterilized, asymptomatic roots;Microthlaspi perfoliatum;2013-05-16;0.76;0.0458257569;0.7;0.0173205081;0.6933333333;0.0251661148;0;0;NA;NA;NA;NA;center white, margin dark green;smooth;center dark gray, margin white;circular;entire;0;1;flat;NA;center dark green, margin white;velvety;dark green;circular;entire;0;1;flat;NA;gray;floccose;brown;circular;filiform;0;0;raised;NA;white;0;green;3;gray;2;phialidic;single;nonseptate
P2510;Cadophora cf. orchidicola;F;KT269739;MN339401;MN325906;NA;Spain;ES-010;42.81;-4.25;1055;surface-sterilized, asymptomatic roots;Microthlaspi perfoliatum;2013-05-16;0.84;0.0173205081;0.89;0;0.77;0.0173205081;0;0;NA;NA;NA;NA;gray/dark olive;smooth;gray/dark green;circular;entire;0;1;flat;NA;center light brown, margin dark brown;velvety;brown;circular;entire;0;1;flat;NA;granate/light brown;floccose;brown;circular;filiform;0;0;flat;NA;green;3;brown;1;red;1;phialidic;single;nonseptate
P2511;Cadophora cf. orchidicola;F;KT269740;MN339402;MN325907;MN367257;Spain;ES-010;42.81;-4.25;1055;surface-sterilized, asymptomatic roots;Microthlaspi perfoliatum;2013-05-16;0.7866666667;0.0585946528;0.77;0.0173205081;0.6466666667;0.0585946528;0;0;NA;NA;NA;NA;center white, margin dark green;smooth;center dark gray, margin white;circular;entire;0;1;flat;NA;light/dark green;velvety;green;circular;entire;0;0;flat;NA;gray/dark olive;smooth;dark gray;circular;entire;0;0;raised;NA;white;0;green;2;green;3;phialidic;single;nonseptate
P2514;Cadophora cf. orchidicola;F;KT269743;MN339403;NA;MN367258;Spain;ES-010;42.81;-4.25;1055;surface-sterilized, asymptomatic roots;Microthlaspi perfoliatum;2013-05-16;0.72;0.03;0.75;0.06;0.65;0.0173205081;0;0;NA;NA;NA;NA;center white, margin dark green;smooth;center dark gray, margin white;circular;entire;0;1;flat;NA;center brown/red, margin green;smooth;green/red brown;circular;entire;0;0;flat;NA;gray/dark olive;floccose;greenish;circular;entire;0;0;flat;NA;white;0;brown;2;green;3;phialidic;single;nonseptate
P2515;Cadophora cf. orchidicola;F;KT269744;MN339404;MN325908;NA;Spain;ES-010;42.81;-4.25;1055;surface-sterilized, asymptomatic roots;Microthlaspi perfoliatum;2013-05-16;0.5866666667;0.1814754345;0.5666666667;0.0115470054;0.55;0.0173205081;0;0;NA;NA;NA;NA;dark green;smooth;dark green;circular;entire;0;1;flat;NA;light/dark brown;velvety;dark brown/green;circular;entire;0;1;flat;NA;light/dark brown;smooth;brown;circular;entire;0;0;raised;NA;green;3;brown;2;brown;2;phialidic;single;nonseptate
P2535;Cadophora cf. orchidicola;F;KT269764;MN339405;MN325909;MN367259;Germany;D-102;49.45;9.82;281;surface-sterilized, asymptomatic roots;Microthlaspi erraticum;2013-06-06;0.7766666667;0.0850490055;0.78;0.03;0.6466666667;0.0404145188;0;0;NA;NA;NA;NA;dark green;smooth;dark green;circular;entire;0;1;flat;NA;gray/dark olive;velvety;dark gray/green;circular;entire;0;0;flat;NA;Center gray, margin cream/orange;smooth;creamy;circular;entire;0;0;flat;NA;green;3;green;3;gray;2;phialidic;single;nonseptate
P2641;Cadophora sp. 4;F;KT269850;MN339406;MN325910;MN367260;Greece;GR-001;39.81;20.77;1065;surface-sterilized, asymptomatic roots;Microthlaspi perfoliatum;2013-05-27;0.6666666667;0.0251661148;0.4633333333;0.0635085296;0.4733333333;0.0757187779;0;0;NA;NA;NA;NA;gray/dark olive;velvety;gray/dark gray;circular;entire;0;1;flat;NA;center light gray, margin dark gray;wrinkled;dark gray/green;circular;entire;0;0;raised;NA;gray;smooth;gray;circular;entire;0;0;umbonate;NA;green;3;gray;1;gray;2;NA;NA;NA
P2646;Cadophora cf. interclivum;F;KT269855;MN339407;MN325911;MN367295;Greece;GR-003;38.91;21.74;1283;surface-sterilized, asymptomatic roots;Microthlaspi perfoliatum;2013-05-28;0.71;0.0173205081;0.6666666667;0.0461880215;0.28;0;135208;27748.7189688101;4.696;0.7689849009;2.958;0.2843237591;gray/dark olive;velvety;dark green/black;circular;entire;0;1;raised;NA;center dark gray, margin dark green;velvety;dark gray/green;circular;entire;0;0;raised;NA;center gray, margin brown;smooth;light brown;circular;filiform;0;0;flat;NA;green;3;gray;3;gray;2;phialidic;heads;nonseptate
P2739;Cadophora cf. meredithiae;F;KT269946;MN339408;MN325912;MN367273;Greece;GR-004;38.91;21.83;905;surface-sterilized, asymptomatic roots;Microthlaspi perfoliatum;2013-05-28;0.66;0.0173205081;0.8066666667;0.0251661148;0.54;0.0346410162;0;0;NA;NA;NA;NA;gray/dark olive;velvety;dark green/black;circular;entire;0;1;raised;NA;center dark gray, margin dark green;velvety;dark gray/green;circular;entire;0;0;raised;NA;center gray, margin brown;smooth;light brown;circular;filiform;0;0;flat;NA;green;3;gray;3;gray;2;phialidic;heads;nonseptate
P2766;Cadophora sp. 4;F;KT269965;MN339409;MN325913;MN367261;Greece;GR-002;38.94;21.76;1410;surface-sterilized, asymptomatic roots;Microthlaspi perfoliatum;2013-05-27;0.66;0.0173205081;0.59;0.0173205081;0.4166666667;0.0550757055;0;0;NA;NA;NA;NA;gray/dark olive;velvety;dark green/black;circular;entire;0;0;raised;NA;light gray;velvety;dark gray;circular;entire;0;0;raised;NA;light brown;smooth;light brown;circular;filiform;0;0;flat;NA;green;3;gray;1;brown;1;NA;NA;NA
P2775;Cadophora cf. interclivum;F;KT269973;MN339410;MN325914;MN367262;Germany;D-100;49.54;9.34;415;surface-sterilized, asymptomatic roots;Microthlaspi perfoliatum;2013-06-06;0.8333333333;0.0251661148;0.75;0.03;0.73;0.0173205081;72577.6;21947.7603365355;4.724;0.974088748;2.878;0.2768794363;transparent/dark green;smooth;transparent/black;circular;entire;0;1;flat;NA;center light brown, margin dark green;velvety;dark green;circular;entire;0;0;raised;NA;gray/dark olive;floccose;dark gray;irregular;entire;0;0;flat;NA;green;3;brown;1;green;3;phialidic;heads;nonseptate
P2785;Cadophora cf. interclivum;F;KT269983;MN339411;MN325915;MN367263;Germany;D-100;49.54;9.34;415;surface-sterilized, asymptomatic roots;Microthlaspi perfoliatum;2013-06-06;0.7966666667;0.056862407;0.8333333333;0.0251661148;0.6866666667;0.0288675135;21736.4333333333;7359.0720966256;4.997;0.6218976336;2.986;0.3200069444;transparent/dark green;smooth;transparent/black;circular;entire;0;1;flat;NA;gray/dark olive;floccose;dark green;circular;entire;0;0;raised;NA;gray/dark olive;floccose;dark gray;circular;entire;0;0;flat;NA;green;3;green;3;green;3;phialidic;heads;nonseptate
P2792;Cadophora cf. interclivum;F;KT269990;MN339412;MN325916;MN367296;Germany;D-101;49.68;10;278;surface-sterilized, asymptomatic roots;Microthlaspi erraticum;2013-06-06;0.71;0.0173205081;0.8133333333;0.056862407;0.76;0.0346410162;0;0;NA;NA;NA;NA;gray/dark olive;velvety;dark green/black;circular;entire;0;1;flat;NA;center light gray, margin dark green;velvety;dark green;circular;entire;0;0;raised;NA;gray/dark olive;floccose;dark gray;circular;entire;0;0;raised;NA;green;3;gray;1;green;3;phialidic;heads;nonseptate
P2793;Cadophora cf. interclivum;F;KT269991;MN339413;MN325917;MN367285;Germany;D-101;49.68;10;278;surface-sterilized, asymptomatic roots;Microthlaspi erraticum;2013-06-06;0.71;0.0173205081;0.79;0.0173205081;0.6566666667;0.04163332;145155.2;48559.4153075385;4.94;1.2431858715;3.11;0.2981796625;gray/dark olive;velvety;dark green/black;circular;entire;0;1;flat;NA;gray/dark olive;velvety;dark green;circular;entire;0;0;raised;NA;gray/dark olive;floccose;dark gray;circular;entire;0;0;raised;NA;green;3;green;3;green;3;phialidic;heads;nonseptate
P2794;Cadophora fascicularis;T;KT269992;MN339414;MN325918;NA;Germany;D-101;49.68;10;278;surface-sterilized, asymptomatic roots;Microthlaspi erraticum;2013-06-06;0.4233333333;0.0288675135;0.53;0;0.63;0.0346410162;1105.2333333333;1105.250000377;10.9866666667;0.7321429733;2.8933333333;0.3308070938;center light gray, margin dark green;velvety;dark green;irregular;filiform;0;0;flat;NA;white/creamy;hairy;creamy;irregular;entire;0;0;flat;NA;center black, margin cream;hairy;light brown;circular;entire;0;0;flat;NA;gray;1;white;1;black;3;holoblastic;chains;nonseptate
P2810;Cadophora cf. meredithiae;F;KT270008;MN339415;MN325919;MN367286;Germany;D-104;48.61;9.53;515;surface-sterilized, asymptomatic roots;Microthlaspi erraticum;2013-06-12;0.7866666667;0.0585946528;0.87;0.0655743852;0.7766666667;0.0550757055;28736.3;6902.2359992976;5.191;0.7159213178;2.999;0.3299309692;transparent black, with black lines;smooth;transparent/black;circular;entire;0;0;flat;NA;gray/dark olive;velvety;gray/dark green;circular;entire;0;0;flat;NA;gray/dark olive;floccose;dark gray;circular;entire;0;0;raised;NA;black;3;green;3;green;3;phialidic;heads;nonseptate
P2816;Cadophora cf. interclivum;F;KT270014;MN339416;MN325920;MN367264;Germany;D-101;49.68;10;278;surface-sterilized, asymptomatic roots;Microthlaspi erraticum;2013-06-06;0.77;0.0173205081;0.79;0.0173205081;0.6866666667;0.0288675135;44209.7;41457.6501003132;4.317;0.9882313045;2.852;0.5298175787;transparent/dark green;smooth;transparent/black;circular;entire;0;1;flat;NA;gray/dark olive;velvety;gray/dark green;circular;entire;0;0;flat;NA;gray/dark olive;floccose;dark gray;circular;entire;0;0;raised;NA;green;3;green;3;green;3;phialidic;heads;nonseptate
P2828;Cadophora cf. interclivum;F;KT270026;MN339417;MN325921;MN367287;Germany;D-101;49.68;10;278;surface-sterilized, asymptomatic roots;Microthlaspi erraticum;2013-06-06;0.7433333333;0.0635085296;0.77;0.0173205081;0.6866666667;0.0288675135;0;0;NA;NA;NA;NA;gray/dark olive;velvety;dark green/black;circular;entire;0;1;flat;NA;gray/dark olive;floccose;gray/dark green;circular;entire;0;0;raised;NA;gray/dark olive;floccose;dark gray;circular;entire;0;0;raised;NA;green;3;green;3;green;3;phialidic;heads;nonseptate
P2832;Cadophora cf. interclivum;F;KT270030;MN339418;MN325922;MN367299;Germany;D-101;49.68;10;278;surface-sterilized, asymptomatic roots;Microthlaspi erraticum;2013-06-06;0.5933333333;0.0288675135;0.65;0.0173205081;0.6866666667;0.056862407;6263.0333333333;3552.8350050816;4.03;0.9639502062;2.9675;0.867619897;gray/dark olive;velvety;dark green/black;circular;entire;0;0;raised;NA;gray/dark olive;floccose;gray/dark green;circular;entire;0;0;raised;NA;gray/dark olive;floccose;dark gray;circular;entire;0;0;raised;NA;green;3;green;3;green;3;phialidic;heads;nonseptate
P2851;Cadophora cf. interclivum;F;KT270049;MN339419;MN325923;MN367274;Germany;D-100;49.54;9.34;415;surface-sterilized, asymptomatic roots;Microthlaspi perfoliatum;2013-06-06;0.5666666667;0.0115470054;0.65;0.0173205081;0.52;0.0346410162;97629.7666666667;15486.5201179391;5.066;1.1153992808;2.738;0.2415137447;gray/dark olive;velvety;dark green/black;circular;entire;0;0;raised;NA;gray/dark olive;floccose;gray/dark green;circular;entire;0;0;raised;NA;gray/dark olive;floccose;dark gray;circular;entire;0;0;raised;NA;green;3;green;3;green;3;phialidic;heads;nonseptate
P2867;Cadophora cf. interclivum;F;KT270064;NA;NA;NA;Germany;D-103;49.27;9.84;299;surface-sterilized, asymptomatic roots;Microthlaspi erraticum;2013-06-06;0.8333333333;0.0251661148;0.85;0.0173205081;0.72;0;8473.5333333333;4601.5226918199;5.533;0.5354551543;2.342;0.2518729839;gray/dark olive;velvety;dark green/black;circular;entire;0;1;flat;NA;gray/dark olive;floccose;gray/dark green;circular;entire;0;0;raised;NA;dark gray;floccose;dark gray;circular;entire;0;0;flat;dark drops on top;green;3;green;3;gray;3;phialidic;heads;nonseptate
P2899;Cadophora cf. interclivum;F;KT270096;MN339420;MN325924;MN367288;Germany;D-101;49.68;10;278;surface-sterilized, asymptomatic roots;Microthlaspi erraticum;2013-06-06;0.5766666667;0.0288675135;0.67;0;0.6866666667;0.086216781;289573.566666667;56831.4014581141;4.992;0.9836756466;3.021;0.2454678073;center black, margin white;velvety;transparent/dark gray;circular;entire;0;1;flat;NA;gray/dark olive;floccose;gray/dark green;circular;entire;0;0;raised;NA;dark/light gray;smooth;light gray;circular;entire;0;0;flat;NA;black;3;green;3;gray;2;phialidic;heads;nonseptate
P2925;Cadophora cf. interclivum;F;KT270122;MN339421;MN325925;MN367289;Germany;D-100;49.54;9.34;415;surface-sterilized, asymptomatic roots;Microthlaspi perfoliatum;2013-06-06;0.85;0.1153256259;0.78;0.03;0.5833333333;0.0251661148;6263.0333333333;7105.763335725;5.3733333333;1.063970551;2.39;0.3251153641;center dark gray, margin transparent;smooth;transparent/black;circular;entire;0;1;flat;NA;dark green;smooth;gray/dark green;circular;entire;0;0;flat;NA;light gray;floccose;light gray;circular;entire;0;0;raised;NA;gray;3;green;3;gray;1;phialidic;heads;nonseptate
P2932;Cadophora cf. interclivum;F;KT270129;MN339422;MN325926;MN367290;Germany;D-100;49.54;9.34;415;surface-sterilized, asymptomatic roots;Microthlaspi perfoliatum;2013-06-06;0.6;0.0173205081;0.77;0.0173205081;0.65;0.0346410162;91735.1333333333;16504.7983984456;5.557;1.2142491965;2.821;0.3708383895;dark olive;floccose;dark green/black;circular;entire;0;1;flat;NA;dark green;velvety;gray/dark green;circular;entire;0;0;flat;NA;gray/dark olive;floccose;dark gray;circular;entire;0;0;flat;NA;green;3;green;3;green;3;phialidic;heads;nonseptate
P2962;Cadophora cf. meredithiae 2;F;KT270158;MN339423;MN325927;NA;Germany;D-104;48.61;9.53;515;surface-sterilized, asymptomatic roots;Microthlaspi erraticum;2013-06-12;0.41;0.0173205081;0.4166666667;0.0981495458;0.26;0.0346410162;11789.2666666667;11818.0075771398;6.788;2.0664268678;2.446;0.162111073;yellow/green;smooth;yellow/dark green;circular;entire;0;0;flat;NA;light gray/green;velvety;gray/dark green;circular;entire;0;0;raised;NA;dark/light gray;smooth;light/dark gray;circular;entire;0;0;raised;NA;yellow;1;green;1;gray;2;NA;NA;NA
P2966;Cadophora cf. orchidicola;F;KT270162;MN339424;MN325928;MN367265;Germany;D-103;49.27;9.84;299;surface-sterilized, asymptomatic roots;Microthlaspi erraticum;2013-06-06;0.7;0.0173205081;0.49;0.1113552873;0.4333333333;0.0115470054;0;0;NA;NA;NA;NA;yellow/green;velvety;yellow/dark green;circular;entire;0;1;flat;NA;light gray/black;smooth;light gray/black;circular;entire;0;0;flat;drops on top of colony;light gray;smooth;gray;circular;entire;0;0;flat;NA;yellow;1;gray;1;gray;1;phialidic;single;nonseptate
P2973;Cadophora cf. interclivum;F;KT270169;MN339425;MN325929;MN367291;Germany;D-101;49.68;10;278;surface-sterilized, asymptomatic roots;Microthlaspi erraticum;2013-06-06;0.66;0.0173205081;0.65;0.0346410162;0.5566666667;0.0461880215;136681.7;68009.1033212466;5.008;1.0437304888;3.145;0.2411661484;dark olive;smooth;dark green/black;circular;entire;0;1;flat;NA;gray/dark olive;velvety;gray/dark green;circular;entire;0;0;flat;NA;gray/dark olive;floccose;dark gray;circular;entire;0;0;flat;NA;green;3;green;3;green;3;phialidic;heads;nonseptate
P2995;Cadophora cf. meredithiae;F;KT270189;MN339426;MN325930;NA;Germany;D-105;48.55;10.12;481;surface-sterilized, asymptomatic roots;Microthlaspi erraticum;2013-06-12;0.75;0.03;0.38;0.0173205081;0.8066666667;0.0251661148;13999.7666666667;3190.5530575957;5.6133333333;1.8427900043;3.0544444444;0.3899073964;dark olive;smooth;dark green/black;circular;entire;0;1;flat;NA;creamy;smooth;creamy;circular;entire;0;0;flat;NA;gray/dark olive;floccose;dark gray;circular;entire;0;0;raised;NA;green;3;cream;1;green;3;phialidic;heads;nonseptate
P6033;Cadophora cf. orchidicola;F;KT270227;MN339427;MN325931;MN367266;Germany;D-103;49.27;9.84;299;surface-sterilized, asymptomatic roots;Microthlaspi erraticum;2013-06-06;0.6766666667;0.0115470054;0.61;0.08;0.6666666667;0.0550757055;0;0;NA;NA;NA;NA;center light gray, margin brown;velvety;dark brown;irregular;entire;1;1;raised;NA;white;velvety;dark brown;irregular;entire;1;0;raised;NA;white/dark brown;smooth;brown;circular;entire;1;0;raised;NA;gray;1;white;0;brown;3;phialidic;single;nonseptate
P6045;Cadophora echinata;T;KT270239;MN339428;MN325932;MN367267;Spain;ES-002;38.05;-2.54;1612;surface-sterilized, asymptomatic roots;Microthlaspi perfoliatum;2013-05-02;0.41;0.0173205081;0.4266666667;0.0115470054;0.4066666667;0.0288675135;0;0;7.25;NA;7;NA;gray/brown;velvety;brown;circular;entire;0;0;raised;NA;light pink/gray;velvety;brown;circular;entire;0;0;raised;NA;gray;floccose;gray;circular;entire;0;0;raised;NA;gray;2;pink;1;gray;2;holoblastic;chains;septate
P6077;Cadophora echinata;F;KT270270;MN339429;MN325933;MN367268;Spain;ES-002;38.05;-2.54;1612;surface-sterilized, asymptomatic roots;Microthlaspi perfoliatum;2013-05-02;0.37;0.0173205081;0.39;0;0.34;0.0173205081;0;0;NA;NA;NA;NA;gray/brown;velvety;brown;circular;entire;0;0;raised;NA;light pink/gray;velvety;brown;circular;entire;0;0;raised;NA;gray;floccose;gray;circular;entire;0;0;raised;NA;gray;2;pink;1;gray;2;holoblastic;chains;septate
P6081;Cadophora cf. interclivum;F;KT270274;MN339430;MN325934;MN367269;Germany;D-100;49.54;9.34;415;surface-sterilized, asymptomatic roots;Microthlaspi perfoliatum;2013-06-06;0.8433333333;0.0288675135;0.8233333333;0.0404145188;0.7766666667;0.1436430762;89893.1;84595.0012665642;5.009;0.9870883108;2.541;0.2273738967;gray/dark olive;floccose;black;circular;entire;0;1;raised;NA;gray/dark olive;velvety;light gray/green;circular;entire;0;0;flat;NA;gray/dark olive;floccose;dark gray;circular;entire;0;0;raised;NA;green;3;green;3;green;3;phialidic;heads;nonseptate
P6089;Cadophora sp. 4;F;KT270282;MN339431;MN325935;MN367270;Greece;GR-002;38.94;21.76;1410;surface-sterilized, asymptomatic roots;Microthlaspi perfoliatum;2013-05-27;0.6666666667;0.0550757055;0.6;0.0173205081;0.94;0;0;0;NA;NA;NA;NA;dark olive/black;velvety;black;circular;entire;0;1;raised;NA;dark gray;velvety;dark green;circular;entire;0;1;raised;NA;gray;smooth;dark gray;circular;entire;0;0;raised;shiny orange drops on top;green;3;gray;3;gray;2;NA;NA;NA
P6101;Cadophora cf. orchidicola;F;KT270293;MN339432;MN325936;MN367271;Germany;D-102;49.45;9.82;281;surface-sterilized, asymptomatic roots;Microthlaspi erraticum;2013-06-06;0.8633333333;0.073711148;0.75;0;0.7966666667;0.04163332;0;0;NA;NA;NA;NA;dark olive/transparent;velvety;dark gray/dark green;circular;entire;0;1;raised;NA;dark green/black;floccose;black;circular;entire;0;1;flat;NA;gray/dark olive;floccose;dark gray;circular;entire;0;1;flat;NA;green;3;green;3;green;3;phialidic;single;nonseptate
P6112;Cadophora sp. 1;F;KT270304;NA;NA;MN367292;Spain;ES-010;42.81;-4.25;1055;surface-sterilized, asymptomatic roots;Microthlaspi perfoliatum;2013-05-16;0.6666666667;0.1474222959;0.6766666667;0.0404145188;0.5933333333;0.056862407;0;0;NA;NA;NA;NA;dark olive/transparent;smooth;transparent/dark green;circular;entire;1;1;raised;NA;light/dark brown;floccose;brown;circular;entire;0;1;flat;NA;gray/dark olive;floccose;dark gray;circular;entire;0;0;raised;NA;green;3;brown;2;green;3;NA;NA;NA
P6587;Cadophora sp. 5;F;MN365799;MN365743;MN325937;NA;The Netherlands;NL-1;52.07;5.74;28;surface-sterilized, asymptomatic roots from a plant grown under controlled conditions, inoculated with rhizospheric soil collected from a grassland;Arabidopsis thaliana;2018-04-30;NA;NA;NA;NA;NA;NA;NA;NA;NA;NA;NA;NA;gray/dark olive;floccose;dark green/black;circular;entire;0;0;flat;NA;gray;floccose;gray;circular;entire;0;0;flat;NA;gray;floccose;gray;circular;entire;0;0;flat;NA;green;3;gray;2;gray;2;NA;NA;NA
